model,dataset,event,language,accuracy,precision,recall,f1_score,auc_roc,test_sample,training_sample,total_sample,model_filename,vectorizer_filename,up_accuracy,down_accuracy,total_up,total_down,correct_up,correct_down,up_predictions_pct,down_predictions_pct
Random Forest,feature_engineering,all_events,en,0.7908745247148289,0.8097165991902834,0.7604562737642585,0.7843137254901961,0.8800257340716217,526,2102,2628,C:\Users\HP\Desktop\Upwork_project\finespresso-modelling\models\feature_engineering_random_forest_all_events_classifier_binary.joblib,C:\Users\HP\Desktop\Upwork_project\finespresso-modelling\models\feature_engineering_random_forest_all_events_tfidf_vectorizer_binary.joblib,76.04562737642586,82.12927756653993,263,263,200,216,46.958174904942965,53.041825095057035
Random Forest,feature_engineering,annual_general_meeting,en,0.9,0.8333333333333334,1.0,0.9090909090909091,0.905,20,78,98,C:\Users\HP\Desktop\Upwork_project\finespresso-modelling\models\feature_engineering_random_forest_annual_general_meeting_classifier_binary.joblib,C:\Users\HP\Desktop\Upwork_project\finespresso-modelling\models\feature_engineering_random_forest_annual_general_meeting_tfidf_vectorizer_binary.joblib,100.0,80.0,10,10,10,8,60.0,40.0
Random Forest,feature_engineering,annual_report,en,0.9166666666666666,0.9,1.0,0.9473684210526315,0.925925925925926,12,48,60,C:\Users\HP\Desktop\Upwork_project\finespresso-modelling\models\feature_engineering_random_forest_annual_report_classifier_binary.joblib,C:\Users\HP\Desktop\Upwork_project\finespresso-modelling\models\feature_engineering_random_forest_annual_report_tfidf_vectorizer_binary.joblib,100.0,66.66666666666666,9,3,9,2,83.33333333333334,16.666666666666664
Random Forest,feature_engineering,bond_fixing,en,0.813953488372093,0.8333333333333334,0.75,0.7894736842105263,0.8652173913043477,43,169,212,C:\Users\HP\Desktop\Upwork_project\finespresso-modelling\models\feature_engineering_random_forest_bond_fixing_classifier_binary.joblib,C:\Users\HP\Desktop\Upwork_project\finespresso-modelling\models\feature_engineering_random_forest_bond_fixing_tfidf_vectorizer_binary.joblib,75.0,86.95652173913044,20,23,15,20,41.86046511627907,58.139534883720934
Random Forest,feature_engineering,business_contracts,en,1.0,1.0,1.0,1.0,1.0,10,38,48,C:\Users\HP\Desktop\Upwork_project\finespresso-modelling\models\feature_engineering_random_forest_business_contracts_classifier_binary.joblib,C:\Users\HP\Desktop\Upwork_project\finespresso-modelling\models\feature_engineering_random_forest_business_contracts_tfidf_vectorizer_binary.joblib,100.0,100.0,7,3,7,3,70.0,30.0
Random Forest,feature_engineering,capital_investment,en,0.8,0.6666666666666666,1.0,0.8,0.8333333333333334,5,17,22,C:\Users\HP\Desktop\Upwork_project\finespresso-modelling\models\feature_engineering_random_forest_capital_investment_classifier_binary.joblib,C:\Users\HP\Desktop\Upwork_project\finespresso-modelling\models\feature_engineering_random_forest_capital_investment_tfidf_vectorizer_binary.joblib,100.0,66.66666666666666,2,3,2,2,60.0,40.0
Random Forest,feature_engineering,changes_in_companys_own_shares,en,0.7611940298507462,0.7916666666666666,0.6333333333333333,0.7037037037037037,0.8581081081081081,67,267,334,C:\Users\HP\Desktop\Upwork_project\finespresso-modelling\models\feature_engineering_random_forest_changes_in_companys_own_shares_classifier_binary.joblib,C:\Users\HP\Desktop\Upwork_project\finespresso-modelling\models\feature_engineering_random_forest_changes_in_companys_own_shares_tfidf_vectorizer_binary.joblib,63.33333333333333,86.48648648648648,30,37,19,32,35.82089552238806,64.17910447761194
Random Forest,feature_engineering,changes_in_share_capital_and_votes,en,1.0,1.0,1.0,1.0,1.0,4,13,17,C:\Users\HP\Desktop\Upwork_project\finespresso-modelling\models\feature_engineering_random_forest_changes_in_share_capital_and_votes_classifier_binary.joblib,C:\Users\HP\Desktop\Upwork_project\finespresso-modelling\models\feature_engineering_random_forest_changes_in_share_capital_and_votes_tfidf_vectorizer_binary.joblib,100.0,100.0,1,3,1,3,25.0,75.0
Random Forest,feature_engineering,clinical_study,en,0.9166666666666666,0.8888888888888888,0.96,0.9230769230769231,0.9530434782608695,48,189,237,C:\Users\HP\Desktop\Upwork_project\finespresso-modelling\models\feature_engineering_random_forest_clinical_study_classifier_binary.joblib,C:\Users\HP\Desktop\Upwork_project\finespresso-modelling\models\feature_engineering_random_forest_clinical_study_tfidf_vectorizer_binary.joblib,96.0,86.95652173913044,25,23,24,20,56.25,43.75
Random Forest,feature_engineering,company_regulatory_filings,en,0.75,0.0,0.0,0.0,1.0,4,16,20,C:\Users\HP\Desktop\Upwork_project\finespresso-modelling\models\feature_engineering_random_forest_company_regulatory_filings_classifier_binary.joblib,C:\Users\HP\Desktop\Upwork_project\finespresso-modelling\models\feature_engineering_random_forest_company_regulatory_filings_tfidf_vectorizer_binary.joblib,0.0,100.0,1,3,0,3,0.0,100.0
Random Forest,feature_engineering,conference_call_webinar,en,0.7857142857142857,0.8461538461538461,0.7333333333333333,0.7857142857142857,0.9051282051282051,28,109,137,C:\Users\HP\Desktop\Upwork_project\finespresso-modelling\models\feature_engineering_random_forest_conference_call_webinar_classifier_binary.joblib,C:\Users\HP\Desktop\Upwork_project\finespresso-modelling\models\feature_engineering_random_forest_conference_call_webinar_tfidf_vectorizer_binary.joblib,73.33333333333333,84.61538461538461,15,13,11,11,46.42857142857143,53.57142857142857
Random Forest,feature_engineering,corporate_action,en,0.7777777777777778,1.0,0.42857142857142855,0.6,0.9090909090909091,18,72,90,C:\Users\HP\Desktop\Upwork_project\finespresso-modelling\models\feature_engineering_random_forest_corporate_action_classifier_binary.joblib,C:\Users\HP\Desktop\Upwork_project\finespresso-modelling\models\feature_engineering_random_forest_corporate_action_tfidf_vectorizer_binary.joblib,42.857142857142854,100.0,7,11,3,11,16.666666666666664,83.33333333333334
Random Forest,feature_engineering,dividend_reports_and_estimates,en,0.6666666666666666,0.0,0.0,0.0,1.0,3,12,15,C:\Users\HP\Desktop\Upwork_project\finespresso-modelling\models\feature_engineering_random_forest_dividend_reports_and_estimates_classifier_binary.joblib,C:\Users\HP\Desktop\Upwork_project\finespresso-modelling\models\feature_engineering_random_forest_dividend_reports_and_estimates_tfidf_vectorizer_binary.joblib,0.0,100.0,1,2,0,2,0.0,100.0
Random Forest,feature_engineering,earnings_releases_and_operating_results,en,0.8823529411764706,0.85,0.9444444444444444,0.8947368421052632,0.9288194444444444,34,134,168,C:\Users\HP\Desktop\Upwork_project\finespresso-modelling\models\feature_engineering_random_forest_earnings_releases_and_operating_results_classifier_binary.joblib,C:\Users\HP\Desktop\Upwork_project\finespresso-modelling\models\feature_engineering_random_forest_earnings_releases_and_operating_results_tfidf_vectorizer_binary.joblib,94.44444444444444,81.25,18,16,17,13,58.82352941176471,41.17647058823529
Random Forest,feature_engineering,environmental_social_governance,en,0.6,0.0,0.0,0.0,0.8333333333333334,5,18,23,C:\Users\HP\Desktop\Upwork_project\finespresso-modelling\models\feature_engineering_random_forest_environmental_social_governance_classifier_binary.joblib,C:\Users\HP\Desktop\Upwork_project\finespresso-modelling\models\feature_engineering_random_forest_environmental_social_governance_tfidf_vectorizer_binary.joblib,0.0,100.0,2,3,0,3,0.0,100.0
Random Forest,feature_engineering,exchange_announcement,en,0.8888888888888888,0.9,0.9,0.9,0.95,18,70,88,C:\Users\HP\Desktop\Upwork_project\finespresso-modelling\models\feature_engineering_random_forest_exchange_announcement_classifier_binary.joblib,C:\Users\HP\Desktop\Upwork_project\finespresso-modelling\models\feature_engineering_random_forest_exchange_announcement_tfidf_vectorizer_binary.joblib,90.0,87.5,10,8,9,7,55.55555555555556,44.44444444444444
Random Forest,feature_engineering,financial_calendar,en,0.9,1.0,0.8,0.8888888888888888,0.96,10,37,47,C:\Users\HP\Desktop\Upwork_project\finespresso-modelling\models\feature_engineering_random_forest_financial_calendar_classifier_binary.joblib,C:\Users\HP\Desktop\Upwork_project\finespresso-modelling\models\feature_engineering_random_forest_financial_calendar_tfidf_vectorizer_binary.joblib,80.0,100.0,5,5,4,5,40.0,60.0
Random Forest,feature_engineering,financial_results,en,0.6785714285714286,0.6666666666666666,0.7142857142857143,0.6896551724137931,0.8418367346938775,28,109,137,C:\Users\HP\Desktop\Upwork_project\finespresso-modelling\models\feature_engineering_random_forest_financial_results_classifier_binary.joblib,C:\Users\HP\Desktop\Upwork_project\finespresso-modelling\models\feature_engineering_random_forest_financial_results_tfidf_vectorizer_binary.joblib,71.42857142857143,64.28571428571429,14,14,10,9,53.57142857142857,46.42857142857143
Random Forest,feature_engineering,financing_agreements,en,0.6923076923076923,0.8,0.5714285714285714,0.6666666666666666,0.8571428571428572,13,48,61,C:\Users\HP\Desktop\Upwork_project\finespresso-modelling\models\feature_engineering_random_forest_financing_agreements_classifier_binary.joblib,C:\Users\HP\Desktop\Upwork_project\finespresso-modelling\models\feature_engineering_random_forest_financing_agreements_tfidf_vectorizer_binary.joblib,57.14285714285714,83.33333333333334,7,6,4,5,38.46153846153847,61.53846153846154
Random Forest,feature_engineering,geographic_expansion,en,1.0,1.0,1.0,1.0,1.0,5,18,23,C:\Users\HP\Desktop\Upwork_project\finespresso-modelling\models\feature_engineering_random_forest_geographic_expansion_classifier_binary.joblib,C:\Users\HP\Desktop\Upwork_project\finespresso-modelling\models\feature_engineering_random_forest_geographic_expansion_tfidf_vectorizer_binary.joblib,100.0,100.0,3,2,3,2,60.0,40.0
Random Forest,feature_engineering,government_news,en,1.0,1.0,1.0,1.0,1.0,6,23,29,C:\Users\HP\Desktop\Upwork_project\finespresso-modelling\models\feature_engineering_random_forest_government_news_classifier_binary.joblib,C:\Users\HP\Desktop\Upwork_project\finespresso-modelling\models\feature_engineering_random_forest_government_news_tfidf_vectorizer_binary.joblib,100.0,100.0,4,2,4,2,66.66666666666666,33.33333333333333
Random Forest,feature_engineering,initial_public_offerings,en,0.6666666666666666,0.0,0.0,0.0,0.5,3,9,12,C:\Users\HP\Desktop\Upwork_project\finespresso-modelling\models\feature_engineering_random_forest_initial_public_offerings_classifier_binary.joblib,C:\Users\HP\Desktop\Upwork_project\finespresso-modelling\models\feature_engineering_random_forest_initial_public_offerings_tfidf_vectorizer_binary.joblib,0.0,100.0,1,2,0,2,0.0,100.0
Random Forest,feature_engineering,interim_information,en,0.6666666666666666,0.0,0.0,0.0,1.0,3,12,15,C:\Users\HP\Desktop\Upwork_project\finespresso-modelling\models\feature_engineering_random_forest_interim_information_classifier_binary.joblib,C:\Users\HP\Desktop\Upwork_project\finespresso-modelling\models\feature_engineering_random_forest_interim_information_tfidf_vectorizer_binary.joblib,0.0,100.0,1,2,0,2,0.0,100.0
Random Forest,feature_engineering,law_legal_issues,en,0.5,0.5,1.0,0.6666666666666666,1.0,2,8,10,C:\Users\HP\Desktop\Upwork_project\finespresso-modelling\models\feature_engineering_random_forest_law_legal_issues_classifier_binary.joblib,C:\Users\HP\Desktop\Upwork_project\finespresso-modelling\models\feature_engineering_random_forest_law_legal_issues_tfidf_vectorizer_binary.joblib,100.0,0.0,1,1,1,0,100.0,0.0
Random Forest,feature_engineering,licensing_agreements,en,1.0,1.0,1.0,1.0,1.0,4,13,17,C:\Users\HP\Desktop\Upwork_project\finespresso-modelling\models\feature_engineering_random_forest_licensing_agreements_classifier_binary.joblib,C:\Users\HP\Desktop\Upwork_project\finespresso-modelling\models\feature_engineering_random_forest_licensing_agreements_tfidf_vectorizer_binary.joblib,100.0,100.0,3,1,3,1,75.0,25.0
Random Forest,feature_engineering,major_shareholder_announcements,en,0.75,1.0,0.5,0.6666666666666666,1.0,12,46,58,C:\Users\HP\Desktop\Upwork_project\finespresso-modelling\models\feature_engineering_random_forest_major_shareholder_announcements_classifier_binary.joblib,C:\Users\HP\Desktop\Upwork_project\finespresso-modelling\models\feature_engineering_random_forest_major_shareholder_announcements_tfidf_vectorizer_binary.joblib,50.0,100.0,6,6,3,6,25.0,75.0
Random Forest,feature_engineering,management_changes,en,0.8823529411764706,1.0,0.7142857142857143,0.8333333333333334,1.0,17,64,81,C:\Users\HP\Desktop\Upwork_project\finespresso-modelling\models\feature_engineering_random_forest_management_changes_classifier_binary.joblib,C:\Users\HP\Desktop\Upwork_project\finespresso-modelling\models\feature_engineering_random_forest_management_changes_tfidf_vectorizer_binary.joblib,71.42857142857143,100.0,7,10,5,10,29.411764705882355,70.58823529411765
Random Forest,feature_engineering,mergers_acquisitions,en,0.8,0.7272727272727273,1.0,0.8421052631578947,0.9642857142857143,15,58,73,C:\Users\HP\Desktop\Upwork_project\finespresso-modelling\models\feature_engineering_random_forest_mergers_acquisitions_classifier_binary.joblib,C:\Users\HP\Desktop\Upwork_project\finespresso-modelling\models\feature_engineering_random_forest_mergers_acquisitions_tfidf_vectorizer_binary.joblib,100.0,57.14285714285714,8,7,8,4,73.33333333333333,26.666666666666668
Random Forest,feature_engineering,observation_status,en,0.6,0.5,0.5,0.5,0.6666666666666667,5,16,21,C:\Users\HP\Desktop\Upwork_project\finespresso-modelling\models\feature_engineering_random_forest_observation_status_classifier_binary.joblib,C:\Users\HP\Desktop\Upwork_project\finespresso-modelling\models\feature_engineering_random_forest_observation_status_tfidf_vectorizer_binary.joblib,50.0,66.66666666666666,2,3,1,2,40.0,60.0
Random Forest,feature_engineering,partnerships,en,0.7777777777777778,0.8333333333333334,0.8333333333333334,0.8333333333333334,0.888888888888889,9,33,42,C:\Users\HP\Desktop\Upwork_project\finespresso-modelling\models\feature_engineering_random_forest_partnerships_classifier_binary.joblib,C:\Users\HP\Desktop\Upwork_project\finespresso-modelling\models\feature_engineering_random_forest_partnerships_tfidf_vectorizer_binary.joblib,83.33333333333334,66.66666666666666,6,3,5,2,66.66666666666666,33.33333333333333
Random Forest,feature_engineering,patents,en,0.5,0.0,0.0,0.0,1.0,2,8,10,C:\Users\HP\Desktop\Upwork_project\finespresso-modelling\models\feature_engineering_random_forest_patents_classifier_binary.joblib,C:\Users\HP\Desktop\Upwork_project\finespresso-modelling\models\feature_engineering_random_forest_patents_tfidf_vectorizer_binary.joblib,0.0,100.0,1,1,0,1,0.0,100.0
Random Forest,feature_engineering,press_releases,en,0.9,0.8571428571428571,1.0,0.9230769230769231,0.875,10,36,46,C:\Users\HP\Desktop\Upwork_project\finespresso-modelling\models\feature_engineering_random_forest_press_releases_classifier_binary.joblib,C:\Users\HP\Desktop\Upwork_project\finespresso-modelling\models\feature_engineering_random_forest_press_releases_tfidf_vectorizer_binary.joblib,100.0,75.0,6,4,6,3,70.0,30.0
Random Forest,feature_engineering,product_services_announcement,en,0.7,0.625,1.0,0.7692307692307693,0.56,10,39,49,C:\Users\HP\Desktop\Upwork_project\finespresso-modelling\models\feature_engineering_random_forest_product_services_announcement_classifier_binary.joblib,C:\Users\HP\Desktop\Upwork_project\finespresso-modelling\models\feature_engineering_random_forest_product_services_announcement_tfidf_vectorizer_binary.joblib,100.0,40.0,5,5,5,2,80.0,20.0
Random Forest,feature_engineering,regulatory_filings,en,0.8695652173913043,1.0,0.7,0.8235294117647058,0.9615384615384616,23,88,111,C:\Users\HP\Desktop\Upwork_project\finespresso-modelling\models\feature_engineering_random_forest_regulatory_filings_classifier_binary.joblib,C:\Users\HP\Desktop\Upwork_project\finespresso-modelling\models\feature_engineering_random_forest_regulatory_filings_tfidf_vectorizer_binary.joblib,70.0,100.0,10,13,7,13,30.434782608695656,69.56521739130434
Random Forest,feature_engineering,shares_issue,en,0.8888888888888888,0.8,1.0,0.8888888888888888,0.8500000000000001,9,36,45,C:\Users\HP\Desktop\Upwork_project\finespresso-modelling\models\feature_engineering_random_forest_shares_issue_classifier_binary.joblib,C:\Users\HP\Desktop\Upwork_project\finespresso-modelling\models\feature_engineering_random_forest_shares_issue_tfidf_vectorizer_binary.joblib,100.0,80.0,4,5,4,4,55.55555555555556,44.44444444444444
Random Forest,feature_engineering,trade_show,en,1.0,1.0,1.0,1.0,1.0,3,9,12,C:\Users\HP\Desktop\Upwork_project\finespresso-modelling\models\feature_engineering_random_forest_trade_show_classifier_binary.joblib,C:\Users\HP\Desktop\Upwork_project\finespresso-modelling\models\feature_engineering_random_forest_trade_show_tfidf_vectorizer_binary.joblib,100.0,100.0,2,1,2,1,66.66666666666666,33.33333333333333
Random Forest,feature_engineering,voting_rights,en,0.7692307692307693,1.0,0.4,0.5714285714285714,0.85,13,50,63,C:\Users\HP\Desktop\Upwork_project\finespresso-modelling\models\feature_engineering_random_forest_voting_rights_classifier_binary.joblib,C:\Users\HP\Desktop\Upwork_project\finespresso-modelling\models\feature_engineering_random_forest_voting_rights_tfidf_vectorizer_binary.joblib,40.0,100.0,5,8,2,8,15.384615384615385,84.61538461538461
