event,language,accuracy,precision,recall,f1_score,auc_roc,test_sample,training_sample,total_sample,model_filename,vectorizer_filename,up_accuracy,down_accuracy,total_up,total_down,correct_up,correct_down,up_predictions_pct,down_predictions_pct
fund_data_announcement,en,0.8571428571428571,0.8571428571428571,1.0,0.9230769230769231,0.5,7,26,33.0,C:\Users\HP\Desktop\finespresso-modelling\models\fund_data_announcement_classifier_binary.joblib,C:\Users\HP\Desktop\finespresso-modelling\models\fund_data_announcement_tfidf_vectorizer_binary.joblib,100.0,0.0,6,1,6,0,100.0,0.0
annual_general_meeting,en,0.8333333333333334,0.0,0.0,0.0,0.39999999999999997,12,45,57.0,C:\Users\HP\Desktop\finespresso-modelling\models\annual_general_meeting_classifier_binary.joblib,C:\Users\HP\Desktop\finespresso-modelling\models\annual_general_meeting_tfidf_vectorizer_binary.joblib,0.0,100.0,2,10,0,10,0.0,100.0
trade_show,en,0.8333333333333334,0.0,0.0,0.0,0.6,6,20,26.0,C:\Users\HP\Desktop\finespresso-modelling\models\trade_show_classifier_binary.joblib,C:\Users\HP\Desktop\finespresso-modelling\models\trade_show_tfidf_vectorizer_binary.joblib,0.0,100.0,1,5,0,5,0.0,100.0
patents,en,0.8333333333333334,0.8333333333333334,1.0,0.9090909090909091,0.4,6,24,30.0,C:\Users\HP\Desktop\finespresso-modelling\models\patents_classifier_binary.joblib,C:\Users\HP\Desktop\finespresso-modelling\models\patents_tfidf_vectorizer_binary.joblib,100.0,0.0,5,1,5,0,100.0,0.0
licensing_agreements,en,0.8,0.8,1.0,0.8888888888888888,0.5,5,20,25.0,C:\Users\HP\Desktop\finespresso-modelling\models\licensing_agreements_classifier_binary.joblib,C:\Users\HP\Desktop\finespresso-modelling\models\licensing_agreements_tfidf_vectorizer_binary.joblib,100.0,0.0,4,1,4,0,100.0,0.0
capital_investment,en,0.75,0.75,1.0,0.8571428571428571,0.5,4,12,16.0,C:\Users\HP\Desktop\finespresso-modelling\models\capital_investment_classifier_binary.joblib,C:\Users\HP\Desktop\finespresso-modelling\models\capital_investment_tfidf_vectorizer_binary.joblib,100.0,0.0,3,1,3,0,100.0,0.0
bond_fixing,en,0.75,0.0,0.0,0.0,0.5,4,16,20.0,C:\Users\HP\Desktop\finespresso-modelling\models\bond_fixing_classifier_binary.joblib,C:\Users\HP\Desktop\finespresso-modelling\models\bond_fixing_tfidf_vectorizer_binary.joblib,0.0,100.0,1,3,0,3,0.0,100.0
exchange_announcement,en,0.75,0.0,0.0,0.0,0.5,12,45,57.0,C:\Users\HP\Desktop\finespresso-modelling\models\exchange_announcement_classifier_binary.joblib,C:\Users\HP\Desktop\finespresso-modelling\models\exchange_announcement_tfidf_vectorizer_binary.joblib,0.0,100.0,3,9,0,9,0.0,100.0
financing_agreements,en,0.75,0.0,0.0,0.0,0.5666666666666667,20,80,100.0,C:\Users\HP\Desktop\finespresso-modelling\models\financing_agreements_classifier_binary.joblib,C:\Users\HP\Desktop\finespresso-modelling\models\financing_agreements_tfidf_vectorizer_binary.joblib,0.0,100.0,5,15,0,15,0.0,100.0
management_changes,en,0.7407407407407407,0.0,0.0,0.0,0.6785714285714285,27,107,134.0,C:\Users\HP\Desktop\finespresso-modelling\models\management_changes_classifier_binary.joblib,C:\Users\HP\Desktop\finespresso-modelling\models\management_changes_tfidf_vectorizer_binary.joblib,0.0,100.0,7,20,0,20,0.0,100.0
press_releases,en,0.7272727272727273,0.7272727272727273,1.0,0.8421052631578947,0.5,11,44,55.0,C:\Users\HP\Desktop\finespresso-modelling\models\press_releases_classifier_binary.joblib,C:\Users\HP\Desktop\finespresso-modelling\models\press_releases_tfidf_vectorizer_binary.joblib,100.0,0.0,8,3,8,0,100.0,0.0
conference_call_webinar,en,0.6865671641791045,1.0,0.045454545454545456,0.08695652173913043,0.5333333333333333,67,264,331.0,C:\Users\HP\Desktop\finespresso-modelling\models\conference_call_webinar_classifier_binary.joblib,C:\Users\HP\Desktop\finespresso-modelling\models\conference_call_webinar_tfidf_vectorizer_binary.joblib,4.545454545454546,100.0,22,45,1,45,1.4925373134328357,98.50746268656717
prospectus_announcement,en,0.6666666666666666,0.0,0.0,0.0,0.5,3,11,14.0,C:\Users\HP\Desktop\finespresso-modelling\models\prospectus_announcement_classifier_binary.joblib,C:\Users\HP\Desktop\finespresso-modelling\models\prospectus_announcement_tfidf_vectorizer_binary.joblib,0.0,100.0,1,2,0,2,0.0,100.0
corporate_action,en,0.6363636363636364,0.6363636363636364,1.0,0.7777777777777778,0.5,11,40,51.0,C:\Users\HP\Desktop\finespresso-modelling\models\corporate_action_classifier_binary.joblib,C:\Users\HP\Desktop\finespresso-modelling\models\corporate_action_tfidf_vectorizer_binary.joblib,100.0,0.0,7,4,7,0,100.0,0.0
business_contracts,en,0.625,0.5714285714285714,1.0,0.7272727272727273,0.625,8,28,36.0,C:\Users\HP\Desktop\finespresso-modelling\models\business_contracts_classifier_binary.joblib,C:\Users\HP\Desktop\finespresso-modelling\models\business_contracts_tfidf_vectorizer_binary.joblib,100.0,25.0,4,4,4,1,87.5,12.5
earnings_releases_and_operating_results,en,0.625,0.0,0.0,0.0,0.55,32,127,159.0,C:\Users\HP\Desktop\finespresso-modelling\models\earnings_releases_and_operating_results_classifier_binary.joblib,C:\Users\HP\Desktop\finespresso-modelling\models\earnings_releases_and_operating_results_tfidf_vectorizer_binary.joblib,0.0,100.0,12,20,0,20,0.0,100.0
shares_issue,en,0.625,0.0,0.0,0.0,0.509090909090909,16,63,79.0,C:\Users\HP\Desktop\finespresso-modelling\models\shares_issue_classifier_binary.joblib,C:\Users\HP\Desktop\finespresso-modelling\models\shares_issue_tfidf_vectorizer_binary.joblib,0.0,90.9090909090909,5,11,0,10,6.25,93.75
company_regulatory_filings,en,0.6,0.6,1.0,0.75,0.6666666666666666,5,18,23.0,C:\Users\HP\Desktop\finespresso-modelling\models\company_regulatory_filings_classifier_binary.joblib,C:\Users\HP\Desktop\finespresso-modelling\models\company_regulatory_filings_tfidf_vectorizer_binary.joblib,100.0,0.0,3,2,3,0,100.0,0.0
voting_rights,en,0.6,0.0,0.0,0.0,0.5,5,17,22.0,C:\Users\HP\Desktop\finespresso-modelling\models\voting_rights_classifier_binary.joblib,C:\Users\HP\Desktop\finespresso-modelling\models\voting_rights_tfidf_vectorizer_binary.joblib,0.0,100.0,2,3,0,3,0.0,100.0
mergers_acquisitions,en,0.5833333333333334,0.5833333333333334,1.0,0.7368421052631579,0.5714285714285714,12,44,56.0,C:\Users\HP\Desktop\finespresso-modelling\models\mergers_acquisitions_classifier_binary.joblib,C:\Users\HP\Desktop\finespresso-modelling\models\mergers_acquisitions_tfidf_vectorizer_binary.joblib,100.0,0.0,7,5,7,0,100.0,0.0
product_services_announcement,en,0.55,1.0,0.1,0.18181818181818182,0.55,20,77,97.0,C:\Users\HP\Desktop\finespresso-modelling\models\product_services_announcement_classifier_binary.joblib,C:\Users\HP\Desktop\finespresso-modelling\models\product_services_announcement_tfidf_vectorizer_binary.joblib,10.0,100.0,10,10,1,10,5.0,95.0
changes_in_companys_own_shares,en,0.5454545454545454,0.5454545454545454,1.0,0.7058823529411765,0.5,11,41,52.0,C:\Users\HP\Desktop\finespresso-modelling\models\changes_in_companys_own_shares_classifier_binary.joblib,C:\Users\HP\Desktop\finespresso-modelling\models\changes_in_companys_own_shares_tfidf_vectorizer_binary.joblib,100.0,0.0,6,5,6,0,100.0,0.0
clinical_study,en,0.5348837209302325,0.5240963855421686,0.9886363636363636,0.6850393700787402,0.545792748917749,172,685,857.0,C:\Users\HP\Desktop\finespresso-modelling\models\clinical_study_classifier_binary.joblib,C:\Users\HP\Desktop\finespresso-modelling\models\clinical_study_tfidf_vectorizer_binary.joblib,98.86363636363636,5.952380952380952,88,84,87,5,96.51162790697676,3.488372093023256
regulatory_filings,en,0.5333333333333333,0.5333333333333333,1.0,0.6956521739130435,0.5,15,57,72.0,C:\Users\HP\Desktop\finespresso-modelling\models\regulatory_filings_classifier_binary.joblib,C:\Users\HP\Desktop\finespresso-modelling\models\regulatory_filings_tfidf_vectorizer_binary.joblib,100.0,0.0,8,7,8,0,100.0,0.0
all_events,en,0.5151515151515151,0.5056179775280899,0.9712230215827338,0.6650246305418719,0.5364033861250223,561,2241,2802.0,C:\Users\HP\Desktop\finespresso-modelling\models\all_events_classifier_binary.joblib,C:\Users\HP\Desktop\finespresso-modelling\models\all_events_tfidf_vectorizer_binary.joblib,97.12230215827337,6.713780918727916,278,283,270,19,95.18716577540107,4.81283422459893
partnerships,en,0.5,0.46153846153846156,1.0,0.631578947368421,0.7083333333333333,14,55,69.0,C:\Users\HP\Desktop\finespresso-modelling\models\partnerships_classifier_binary.joblib,C:\Users\HP\Desktop\finespresso-modelling\models\partnerships_tfidf_vectorizer_binary.joblib,100.0,12.5,6,8,6,1,92.85714285714286,7.142857142857142
geographic_expansion,en,0.5,0.5,1.0,0.6666666666666666,0.5,4,15,19.0,C:\Users\HP\Desktop\finespresso-modelling\models\geographic_expansion_classifier_binary.joblib,C:\Users\HP\Desktop\finespresso-modelling\models\geographic_expansion_tfidf_vectorizer_binary.joblib,100.0,0.0,2,2,2,0,100.0,0.0
financial_results,en,0.3548387096774194,0.3548387096774194,1.0,0.5238095238095238,0.5454545454545454,31,123,154.0,C:\Users\HP\Desktop\finespresso-modelling\models\financial_results_classifier_binary.joblib,C:\Users\HP\Desktop\finespresso-modelling\models\financial_results_tfidf_vectorizer_binary.joblib,100.0,0.0,11,20,11,0,100.0,0.0
dividend_reports_and_estimates,en,0.3333333333333333,0.0,0.0,0.0,0.5,3,11,14.0,C:\Users\HP\Desktop\finespresso-modelling\models\dividend_reports_and_estimates_classifier_binary.joblib,C:\Users\HP\Desktop\finespresso-modelling\models\dividend_reports_and_estimates_tfidf_vectorizer_binary.joblib,0.0,100.0,2,1,0,1,0.0,100.0
