model,dataset,event,language,mse,r2,mae,rmse,test_sample,training_sample,total_sample,model_filename,vectorizer_filename,cpercentage_1_to_2,cpercentage_2_to_3
Random Forest,data_quality,all_events,en,3.4831546704722207,0.29442885897242443,1.1502932183713033,1.8663211595200384,526,2102,2628,C:\Users\HP\Desktop\Upwork_project\finespresso-modelling\models\data_quality_random_forest_all_events_regression.joblib,C:\Users\HP\Desktop\Upwork_project\finespresso-modelling\models\data_quality_random_forest_all_events_tfidf_vectorizer_regression.joblib,124.37655905976592,
Random Forest,data_quality,annual_general_meeting,en,2.164688471854584,0.5966086739050394,0.9252182390259275,1.4712880315745738,20,78,98,C:\Users\HP\Desktop\Upwork_project\finespresso-modelling\models\data_quality_random_forest_annual_general_meeting_regression.joblib,C:\Users\HP\Desktop\Upwork_project\finespresso-modelling\models\data_quality_random_forest_annual_general_meeting_tfidf_vectorizer_regression.joblib,803.8896310925194,
Random Forest,data_quality,annual_report,en,0.47556487812775333,-0.553834816472415,0.5459820632088589,0.6896121215058167,12,48,60,C:\Users\HP\Desktop\Upwork_project\finespresso-modelling\models\data_quality_random_forest_annual_report_regression.joblib,C:\Users\HP\Desktop\Upwork_project\finespresso-modelling\models\data_quality_random_forest_annual_report_tfidf_vectorizer_regression.joblib,48.03935998234318,
Random Forest,data_quality,bond_fixing,en,1.3362353323646061,0.23570466734603845,0.7044620591004165,1.1559564578151749,43,169,212,C:\Users\HP\Desktop\Upwork_project\finespresso-modelling\models\data_quality_random_forest_bond_fixing_regression.joblib,C:\Users\HP\Desktop\Upwork_project\finespresso-modelling\models\data_quality_random_forest_bond_fixing_tfidf_vectorizer_regression.joblib,251.00641189472995,
Random Forest,data_quality,changes_in_companys_own_shares,en,3.8176237747828177,-0.10076897879983293,1.2748522004923672,1.9538740427117653,67,267,334,C:\Users\HP\Desktop\Upwork_project\finespresso-modelling\models\data_quality_random_forest_changes_in_companys_own_shares_regression.joblib,C:\Users\HP\Desktop\Upwork_project\finespresso-modelling\models\data_quality_random_forest_changes_in_companys_own_shares_tfidf_vectorizer_regression.joblib,-30.629523024599685,
Random Forest,data_quality,clinical_study,en,6.807125020195645,0.37768000660926426,1.757979370721322,2.609046764662459,48,189,237,C:\Users\HP\Desktop\Upwork_project\finespresso-modelling\models\data_quality_random_forest_clinical_study_regression.joblib,C:\Users\HP\Desktop\Upwork_project\finespresso-modelling\models\data_quality_random_forest_clinical_study_tfidf_vectorizer_regression.joblib,113.15200457417636,
Random Forest,data_quality,conference_call_webinar,en,3.808770638322732,0.011316223293849514,1.1840543054931132,1.951607193654177,28,109,137,C:\Users\HP\Desktop\Upwork_project\finespresso-modelling\models\data_quality_random_forest_conference_call_webinar_regression.joblib,C:\Users\HP\Desktop\Upwork_project\finespresso-modelling\models\data_quality_random_forest_conference_call_webinar_tfidf_vectorizer_regression.joblib,103.50407389309851,
Random Forest,data_quality,corporate_action,en,5.738899199550355,-0.025791449732935456,1.4660592824889616,2.395599966511595,18,72,90,C:\Users\HP\Desktop\Upwork_project\finespresso-modelling\models\data_quality_random_forest_corporate_action_regression.joblib,C:\Users\HP\Desktop\Upwork_project\finespresso-modelling\models\data_quality_random_forest_corporate_action_tfidf_vectorizer_regression.joblib,-104.46363785856903,
Random Forest,data_quality,earnings_releases_and_operating_results,en,4.362987082439947,0.22283812496453492,1.2797844613264078,2.0887764558324444,34,134,168,C:\Users\HP\Desktop\Upwork_project\finespresso-modelling\models\data_quality_random_forest_earnings_releases_and_operating_results_regression.joblib,C:\Users\HP\Desktop\Upwork_project\finespresso-modelling\models\data_quality_random_forest_earnings_releases_and_operating_results_tfidf_vectorizer_regression.joblib,128.53149832969933,
Random Forest,data_quality,exchange_announcement,en,9.687296946059606,-0.05791222914202665,2.1135631584354186,3.1124422799563054,18,70,88,C:\Users\HP\Desktop\Upwork_project\finespresso-modelling\models\data_quality_random_forest_exchange_announcement_regression.joblib,C:\Users\HP\Desktop\Upwork_project\finespresso-modelling\models\data_quality_random_forest_exchange_announcement_tfidf_vectorizer_regression.joblib,73.07391845897364,
Random Forest,data_quality,financial_results,en,6.91357088040679,0.2277867020865213,1.8244762162947386,2.6293670113559253,28,109,137,C:\Users\HP\Desktop\Upwork_project\finespresso-modelling\models\data_quality_random_forest_financial_results_regression.joblib,C:\Users\HP\Desktop\Upwork_project\finespresso-modelling\models\data_quality_random_forest_financial_results_tfidf_vectorizer_regression.joblib,623.4432855769404,
Random Forest,data_quality,financing_agreements,en,7.520343960766619,0.062205221353405005,1.817501240932722,2.742324554236172,13,48,61,C:\Users\HP\Desktop\Upwork_project\finespresso-modelling\models\data_quality_random_forest_financing_agreements_regression.joblib,C:\Users\HP\Desktop\Upwork_project\finespresso-modelling\models\data_quality_random_forest_financing_agreements_tfidf_vectorizer_regression.joblib,-91.22185510769344,
Random Forest,data_quality,major_shareholder_announcements,en,2.7568497085438683,0.7185321800619471,1.270607481600492,1.6603763755678616,12,46,58,C:\Users\HP\Desktop\Upwork_project\finespresso-modelling\models\data_quality_random_forest_major_shareholder_announcements_regression.joblib,C:\Users\HP\Desktop\Upwork_project\finespresso-modelling\models\data_quality_random_forest_major_shareholder_announcements_tfidf_vectorizer_regression.joblib,,
Random Forest,data_quality,management_changes,en,2.502970538130472,0.12336670521884996,0.8561457051348212,1.5820779178442737,17,64,81,C:\Users\HP\Desktop\Upwork_project\finespresso-modelling\models\data_quality_random_forest_management_changes_regression.joblib,C:\Users\HP\Desktop\Upwork_project\finespresso-modelling\models\data_quality_random_forest_management_changes_tfidf_vectorizer_regression.joblib,138.6758035312575,
Random Forest,data_quality,mergers_acquisitions,en,2.558835458291544,0.3190780821927619,1.0366077096751585,1.5996360393200524,15,58,73,C:\Users\HP\Desktop\Upwork_project\finespresso-modelling\models\data_quality_random_forest_mergers_acquisitions_regression.joblib,C:\Users\HP\Desktop\Upwork_project\finespresso-modelling\models\data_quality_random_forest_mergers_acquisitions_tfidf_vectorizer_regression.joblib,801.3051804097668,
Random Forest,data_quality,regulatory_filings,en,2.8915031792463095,0.22898898950518498,0.9269410920372119,1.7004420540689733,23,88,111,C:\Users\HP\Desktop\Upwork_project\finespresso-modelling\models\data_quality_random_forest_regulatory_filings_regression.joblib,C:\Users\HP\Desktop\Upwork_project\finespresso-modelling\models\data_quality_random_forest_regulatory_filings_tfidf_vectorizer_regression.joblib,455.2887428122561,
Random Forest,data_quality,voting_rights,en,1.3738732729339285,0.15703739135705874,0.7445903487105385,1.1721234034579842,13,50,63,C:\Users\HP\Desktop\Upwork_project\finespresso-modelling\models\data_quality_random_forest_voting_rights_regression.joblib,C:\Users\HP\Desktop\Upwork_project\finespresso-modelling\models\data_quality_random_forest_voting_rights_tfidf_vectorizer_regression.joblib,233.6606992941478,
Random Forest,feature_engineering,all_events,en,3.2610349595461767,0.3394229154268732,1.1100596879609783,1.8058335913217964,526,2102,2628,C:\Users\HP\Desktop\Upwork_project\finespresso-modelling\models\feature_engineering_random_forest_all_events_regression.joblib,C:\Users\HP\Desktop\Upwork_project\finespresso-modelling\models\feature_engineering_random_forest_all_events_tfidf_vectorizer_regression.joblib,,15.281809198826807
Random Forest,feature_engineering,annual_general_meeting,en,2.120656351020135,0.6048140927655945,0.8862451729918867,1.4562473522791843,20,78,98,C:\Users\HP\Desktop\Upwork_project\finespresso-modelling\models\feature_engineering_random_forest_annual_general_meeting_regression.joblib,C:\Users\HP\Desktop\Upwork_project\finespresso-modelling\models\feature_engineering_random_forest_annual_general_meeting_tfidf_vectorizer_regression.joblib,,1.3753435408250838
Random Forest,feature_engineering,annual_report,en,0.5235477411639572,-0.7106114133338257,0.555842230282913,0.7235659895019646,12,48,60,C:\Users\HP\Desktop\Upwork_project\finespresso-modelling\models\feature_engineering_random_forest_annual_report_regression.joblib,C:\Users\HP\Desktop\Upwork_project\finespresso-modelling\models\feature_engineering_random_forest_annual_report_tfidf_vectorizer_regression.joblib,,-28.30746500553733
Random Forest,feature_engineering,bond_fixing,en,0.9293531590796512,0.4684317465136605,0.5989011417367369,0.9640296463696805,43,169,212,C:\Users\HP\Desktop\Upwork_project\finespresso-modelling\models\feature_engineering_random_forest_bond_fixing_regression.joblib,C:\Users\HP\Desktop\Upwork_project\finespresso-modelling\models\feature_engineering_random_forest_bond_fixing_tfidf_vectorizer_regression.joblib,,98.73672922477813
Random Forest,feature_engineering,changes_in_companys_own_shares,en,3.187417561580157,0.08094391138140755,1.1179491339204708,1.7853340196109402,67,267,334,C:\Users\HP\Desktop\Upwork_project\finespresso-modelling\models\feature_engineering_random_forest_changes_in_companys_own_shares_regression.joblib,C:\Users\HP\Desktop\Upwork_project\finespresso-modelling\models\feature_engineering_random_forest_changes_in_companys_own_shares_tfidf_vectorizer_regression.joblib,,180.32621978058762
Random Forest,feature_engineering,clinical_study,en,5.728452342181069,0.4762942632684588,1.660100750496244,2.3934185472209135,48,189,237,C:\Users\HP\Desktop\Upwork_project\finespresso-modelling\models\feature_engineering_random_forest_clinical_study_regression.joblib,C:\Users\HP\Desktop\Upwork_project\finespresso-modelling\models\feature_engineering_random_forest_clinical_study_tfidf_vectorizer_regression.joblib,,26.11053138463263
Random Forest,feature_engineering,conference_call_webinar,en,3.9859923037892107,-0.03468712061050061,1.1613284813897604,1.9964950046992882,28,109,137,C:\Users\HP\Desktop\Upwork_project\finespresso-modelling\models\feature_engineering_random_forest_conference_call_webinar_regression.joblib,C:\Users\HP\Desktop\Upwork_project\finespresso-modelling\models\feature_engineering_random_forest_conference_call_webinar_tfidf_vectorizer_regression.joblib,,-406.52559347563795
Random Forest,feature_engineering,corporate_action,en,6.2868526543337095,-0.1237346177907448,1.5109837217385156,2.5073596978362938,18,72,90,C:\Users\HP\Desktop\Upwork_project\finespresso-modelling\models\feature_engineering_random_forest_corporate_action_regression.joblib,C:\Users\HP\Desktop\Upwork_project\finespresso-modelling\models\feature_engineering_random_forest_corporate_action_tfidf_vectorizer_regression.joblib,,-379.7505338861846
Random Forest,feature_engineering,earnings_releases_and_operating_results,en,4.297464943321476,0.23450932809474645,1.3302234358998752,2.0730327887714357,34,134,168,C:\Users\HP\Desktop\Upwork_project\finespresso-modelling\models\feature_engineering_random_forest_earnings_releases_and_operating_results_regression.joblib,C:\Users\HP\Desktop\Upwork_project\finespresso-modelling\models\feature_engineering_random_forest_earnings_releases_and_operating_results_tfidf_vectorizer_regression.joblib,,5.2375252807700745
Random Forest,feature_engineering,exchange_announcement,en,10.608338006986461,-0.1584955608311418,2.195223087556622,3.257044366751313,18,70,88,C:\Users\HP\Desktop\Upwork_project\finespresso-modelling\models\feature_engineering_random_forest_exchange_announcement_regression.joblib,C:\Users\HP\Desktop\Upwork_project\finespresso-modelling\models\feature_engineering_random_forest_exchange_announcement_tfidf_vectorizer_regression.joblib,,-173.68236930137832
Random Forest,feature_engineering,financial_results,en,6.855696912750525,0.23425095163285026,1.8693231524738934,2.61833857870798,28,109,137,C:\Users\HP\Desktop\Upwork_project\finespresso-modelling\models\feature_engineering_random_forest_financial_results_regression.joblib,C:\Users\HP\Desktop\Upwork_project\finespresso-modelling\models\feature_engineering_random_forest_financial_results_tfidf_vectorizer_regression.joblib,,2.83785202872537
Random Forest,feature_engineering,financing_agreements,en,7.619963348877855,0.049782579183037856,1.8755642423093448,2.7604281097101326,13,48,61,C:\Users\HP\Desktop\Upwork_project\finespresso-modelling\models\feature_engineering_random_forest_financing_agreements_regression.joblib,C:\Users\HP\Desktop\Upwork_project\finespresso-modelling\models\feature_engineering_random_forest_financing_agreements_tfidf_vectorizer_regression.joblib,,-19.970417113043766
Random Forest,feature_engineering,major_shareholder_announcements,en,2.2923565431152233,0.7659558311388066,1.221951988397806,1.514053018594535,12,46,58,C:\Users\HP\Desktop\Upwork_project\finespresso-modelling\models\feature_engineering_random_forest_major_shareholder_announcements_regression.joblib,C:\Users\HP\Desktop\Upwork_project\finespresso-modelling\models\feature_engineering_random_forest_major_shareholder_announcements_tfidf_vectorizer_regression.joblib,,6.600073370794747
Random Forest,feature_engineering,management_changes,en,2.187660571206383,0.2337999727987624,0.7181302077071036,1.4790742277540985,17,64,81,C:\Users\HP\Desktop\Upwork_project\finespresso-modelling\models\feature_engineering_random_forest_management_changes_regression.joblib,C:\Users\HP\Desktop\Upwork_project\finespresso-modelling\models\feature_engineering_random_forest_management_changes_tfidf_vectorizer_regression.joblib,,89.51626566017642
Random Forest,feature_engineering,mergers_acquisitions,en,2.7550750139764024,0.2668575245271312,1.0163217528971036,1.659841864147426,15,58,73,C:\Users\HP\Desktop\Upwork_project\finespresso-modelling\models\feature_engineering_random_forest_mergers_acquisitions_regression.joblib,C:\Users\HP\Desktop\Upwork_project\finespresso-modelling\models\feature_engineering_random_forest_mergers_acquisitions_tfidf_vectorizer_regression.joblib,,-16.366074819919206
Random Forest,feature_engineering,regulatory_filings,en,2.3405206133109466,0.3759069067933066,0.8463584256173895,1.5298760123980462,23,88,111,C:\Users\HP\Desktop\Upwork_project\finespresso-modelling\models\feature_engineering_random_forest_regulatory_filings_regression.joblib,C:\Users\HP\Desktop\Upwork_project\finespresso-modelling\models\feature_engineering_random_forest_regulatory_filings_tfidf_vectorizer_regression.joblib,,64.15938059100216
Random Forest,feature_engineering,voting_rights,en,1.4012780848985702,0.14022271693388522,0.7084775137845806,1.1837559228568066,13,50,63,C:\Users\HP\Desktop\Upwork_project\finespresso-modelling\models\feature_engineering_random_forest_voting_rights_regression.joblib,C:\Users\HP\Desktop\Upwork_project\finespresso-modelling\models\feature_engineering_random_forest_voting_rights_tfidf_vectorizer_regression.joblib,,-10.707433610471597
Random Forest,simple_data,all_events,en,59.816771124343035,-1.2078360126650773,3.332471699865604,7.73413027588384,405,1617,2022,C:\Users\HP\Desktop\Upwork_project\finespresso-modelling\models\simple_data_random_forest_all_events_regression.joblib,C:\Users\HP\Desktop\Upwork_project\finespresso-modelling\models\simple_data_random_forest_all_events_tfidf_vectorizer_regression.joblib,,
Random Forest,simple_data,annual_general_meeting,en,9.951504313017331,0.06600459319175134,2.1741909737538956,3.1546004997491095,16,64,80,C:\Users\HP\Desktop\Upwork_project\finespresso-modelling\models\simple_data_random_forest_annual_general_meeting_regression.joblib,C:\Users\HP\Desktop\Upwork_project\finespresso-modelling\models\simple_data_random_forest_annual_general_meeting_tfidf_vectorizer_regression.joblib,,
Random Forest,simple_data,annual_report,en,1.1103583201797311,-1.0658737388227233,0.7674316196952864,1.0537354127957033,12,45,57,C:\Users\HP\Desktop\Upwork_project\finespresso-modelling\models\simple_data_random_forest_annual_report_regression.joblib,C:\Users\HP\Desktop\Upwork_project\finespresso-modelling\models\simple_data_random_forest_annual_report_tfidf_vectorizer_regression.joblib,,
Random Forest,simple_data,bond_fixing,en,3.5652968663819884,-0.15608917819354162,1.2480148385366703,1.8881993714600132,33,130,163,C:\Users\HP\Desktop\Upwork_project\finespresso-modelling\models\simple_data_random_forest_bond_fixing_regression.joblib,C:\Users\HP\Desktop\Upwork_project\finespresso-modelling\models\simple_data_random_forest_bond_fixing_tfidf_vectorizer_regression.joblib,,
Random Forest,simple_data,changes_in_companys_own_shares,en,5.703235490152382,-0.07714104473982997,1.529079918169035,2.388144779981394,43,168,211,C:\Users\HP\Desktop\Upwork_project\finespresso-modelling\models\simple_data_random_forest_changes_in_companys_own_shares_regression.joblib,C:\Users\HP\Desktop\Upwork_project\finespresso-modelling\models\simple_data_random_forest_changes_in_companys_own_shares_tfidf_vectorizer_regression.joblib,,
Random Forest,simple_data,clinical_study,en,129.8967093400523,-2.8716535527278473,7.3854926232423725,11.397223755812304,37,146,183,C:\Users\HP\Desktop\Upwork_project\finespresso-modelling\models\simple_data_random_forest_clinical_study_regression.joblib,C:\Users\HP\Desktop\Upwork_project\finespresso-modelling\models\simple_data_random_forest_clinical_study_tfidf_vectorizer_regression.joblib,,
Random Forest,simple_data,conference_call_webinar,en,22.656632010743287,-0.3229447676927577,2.789387785492741,4.759898319370204,23,88,111,C:\Users\HP\Desktop\Upwork_project\finespresso-modelling\models\simple_data_random_forest_conference_call_webinar_regression.joblib,C:\Users\HP\Desktop\Upwork_project\finespresso-modelling\models\simple_data_random_forest_conference_call_webinar_tfidf_vectorizer_regression.joblib,,
Random Forest,simple_data,corporate_action,en,15.304870113140915,0.5778123259579073,2.1588443364317182,3.912143927968514,15,57,72,C:\Users\HP\Desktop\Upwork_project\finespresso-modelling\models\simple_data_random_forest_corporate_action_regression.joblib,C:\Users\HP\Desktop\Upwork_project\finespresso-modelling\models\simple_data_random_forest_corporate_action_tfidf_vectorizer_regression.joblib,,
Random Forest,simple_data,earnings_releases_and_operating_results,en,12.375730447648206,-0.781024965424181,2.2168326627354307,3.5179156396434816,26,103,129,C:\Users\HP\Desktop\Upwork_project\finespresso-modelling\models\simple_data_random_forest_earnings_releases_and_operating_results_regression.joblib,C:\Users\HP\Desktop\Upwork_project\finespresso-modelling\models\simple_data_random_forest_earnings_releases_and_operating_results_tfidf_vectorizer_regression.joblib,,
Random Forest,simple_data,exchange_announcement,en,69.16033742578993,-0.2150785625965952,4.873314051446365,8.316269441630059,13,51,64,C:\Users\HP\Desktop\Upwork_project\finespresso-modelling\models\simple_data_random_forest_exchange_announcement_regression.joblib,C:\Users\HP\Desktop\Upwork_project\finespresso-modelling\models\simple_data_random_forest_exchange_announcement_tfidf_vectorizer_regression.joblib,,
Random Forest,simple_data,financial_results,en,1810.4453253350794,-0.043516978508083115,11.679504037974533,42.54932814199396,23,90,113,C:\Users\HP\Desktop\Upwork_project\finespresso-modelling\models\simple_data_random_forest_financial_results_regression.joblib,C:\Users\HP\Desktop\Upwork_project\finespresso-modelling\models\simple_data_random_forest_financial_results_tfidf_vectorizer_regression.joblib,,
Random Forest,simple_data,financing_agreements,en,3.533516475969805,0.7086374412425528,1.4121785314289577,1.8797650055179251,11,41,52,C:\Users\HP\Desktop\Upwork_project\finespresso-modelling\models\simple_data_random_forest_financing_agreements_regression.joblib,C:\Users\HP\Desktop\Upwork_project\finespresso-modelling\models\simple_data_random_forest_financing_agreements_tfidf_vectorizer_regression.joblib,,
Random Forest,simple_data,management_changes,en,4.0188995355017445,-0.31897645027373756,1.2575544196554762,2.0047193158898193,12,45,57,C:\Users\HP\Desktop\Upwork_project\finespresso-modelling\models\simple_data_random_forest_management_changes_regression.joblib,C:\Users\HP\Desktop\Upwork_project\finespresso-modelling\models\simple_data_random_forest_management_changes_tfidf_vectorizer_regression.joblib,,
Random Forest,simple_data,mergers_acquisitions,en,138.06095774600502,0.03540178056534604,5.794844465874544,11.749934371987148,13,51,64,C:\Users\HP\Desktop\Upwork_project\finespresso-modelling\models\simple_data_random_forest_mergers_acquisitions_regression.joblib,C:\Users\HP\Desktop\Upwork_project\finespresso-modelling\models\simple_data_random_forest_mergers_acquisitions_tfidf_vectorizer_regression.joblib,,
Random Forest,simple_data,regulatory_filings,en,17.803762825838028,-0.06445151841644159,2.547642855160941,4.21945053601035,16,64,80,C:\Users\HP\Desktop\Upwork_project\finespresso-modelling\models\simple_data_random_forest_regulatory_filings_regression.joblib,C:\Users\HP\Desktop\Upwork_project\finespresso-modelling\models\simple_data_random_forest_regulatory_filings_tfidf_vectorizer_regression.joblib,,
Random Forest,simple_data,voting_rights,en,0.3519258664431141,-0.1174895778537457,0.5010448407278314,0.5932333996355179,10,40,50,C:\Users\HP\Desktop\Upwork_project\finespresso-modelling\models\simple_data_random_forest_voting_rights_regression.joblib,C:\Users\HP\Desktop\Upwork_project\finespresso-modelling\models\simple_data_random_forest_voting_rights_tfidf_vectorizer_regression.joblib,,
