model,dataset,event,language,mse,r2,mae,rmse,test_sample,training_sample,total_sample,model_filename,vectorizer_filename
LightGBM,feature_engineering,all_events,en,3.4589629070558106,0.29932930461208695,1.2443651917132115,1.8598287305705896,526,2102,2628,C:\Users\HP\Desktop\Upwork_project\finespresso-modelling\models\feature_engineering_lightgbm_all_events_regression.joblib,C:\Users\HP\Desktop\Upwork_project\finespresso-modelling\models\feature_engineering_lightgbm_all_events_tfidf_vectorizer_regression.joblib
LightGBM,feature_engineering,annual_general_meeting,en,3.792352913233676,0.2932921801081285,1.3690260133437218,1.9473964448035936,20,78,98,C:\Users\HP\Desktop\Upwork_project\finespresso-modelling\models\feature_engineering_lightgbm_annual_general_meeting_regression.joblib,C:\Users\HP\Desktop\Upwork_project\finespresso-modelling\models\feature_engineering_lightgbm_annual_general_meeting_tfidf_vectorizer_regression.joblib
LightGBM,feature_engineering,annual_report,en,0.6264980927482102,-1.0469857925551516,0.6663326592443658,0.7915163250042353,12,48,60,C:\Users\HP\Desktop\Upwork_project\finespresso-modelling\models\feature_engineering_lightgbm_annual_report_regression.joblib,C:\Users\HP\Desktop\Upwork_project\finespresso-modelling\models\feature_engineering_lightgbm_annual_report_tfidf_vectorizer_regression.joblib
LightGBM,feature_engineering,bond_fixing,en,1.0139761028800092,0.4200294034416512,0.6877066775765969,1.0069638041558442,43,169,212,C:\Users\HP\Desktop\Upwork_project\finespresso-modelling\models\feature_engineering_lightgbm_bond_fixing_regression.joblib,C:\Users\HP\Desktop\Upwork_project\finespresso-modelling\models\feature_engineering_lightgbm_bond_fixing_tfidf_vectorizer_regression.joblib
LightGBM,feature_engineering,business_contracts,en,5.071184585199044,-0.009388771499075688,2.042995213949191,2.251929080854689,10,38,48,C:\Users\HP\Desktop\Upwork_project\finespresso-modelling\models\feature_engineering_lightgbm_business_contracts_regression.joblib,C:\Users\HP\Desktop\Upwork_project\finespresso-modelling\models\feature_engineering_lightgbm_business_contracts_tfidf_vectorizer_regression.joblib
LightGBM,feature_engineering,capital_investment,en,11.415800882094723,-0.2826810752871194,2.550520941864074,3.3787277016792463,5,17,22,C:\Users\HP\Desktop\Upwork_project\finespresso-modelling\models\feature_engineering_lightgbm_capital_investment_regression.joblib,C:\Users\HP\Desktop\Upwork_project\finespresso-modelling\models\feature_engineering_lightgbm_capital_investment_tfidf_vectorizer_regression.joblib
LightGBM,feature_engineering,changes_in_companys_own_shares,en,2.24659977029578,0.3522181648030228,1.0384226463578197,1.4988661615687306,67,267,334,C:\Users\HP\Desktop\Upwork_project\finespresso-modelling\models\feature_engineering_lightgbm_changes_in_companys_own_shares_regression.joblib,C:\Users\HP\Desktop\Upwork_project\finespresso-modelling\models\feature_engineering_lightgbm_changes_in_companys_own_shares_tfidf_vectorizer_regression.joblib
LightGBM,feature_engineering,changes_in_share_capital_and_votes,en,1.8596184726383869,-0.10132568314100587,1.3321582271708363,1.3636782878077904,4,13,17,C:\Users\HP\Desktop\Upwork_project\finespresso-modelling\models\feature_engineering_lightgbm_changes_in_share_capital_and_votes_regression.joblib,C:\Users\HP\Desktop\Upwork_project\finespresso-modelling\models\feature_engineering_lightgbm_changes_in_share_capital_and_votes_tfidf_vectorizer_regression.joblib
LightGBM,feature_engineering,clinical_study,en,7.553612380548678,0.3094347477396372,2.0107115488602343,2.74838359414196,48,189,237,C:\Users\HP\Desktop\Upwork_project\finespresso-modelling\models\feature_engineering_lightgbm_clinical_study_regression.joblib,C:\Users\HP\Desktop\Upwork_project\finespresso-modelling\models\feature_engineering_lightgbm_clinical_study_tfidf_vectorizer_regression.joblib
LightGBM,feature_engineering,company_regulatory_filings,en,0.469558485260884,-29.005531712573244,0.6737280024532541,0.6852433766632728,4,16,20,C:\Users\HP\Desktop\Upwork_project\finespresso-modelling\models\feature_engineering_lightgbm_company_regulatory_filings_regression.joblib,C:\Users\HP\Desktop\Upwork_project\finespresso-modelling\models\feature_engineering_lightgbm_company_regulatory_filings_tfidf_vectorizer_regression.joblib
LightGBM,feature_engineering,conference_call_webinar,en,4.739777807775675,-0.23035537414331886,1.4362364239435663,2.177103076975382,28,109,137,C:\Users\HP\Desktop\Upwork_project\finespresso-modelling\models\feature_engineering_lightgbm_conference_call_webinar_regression.joblib,C:\Users\HP\Desktop\Upwork_project\finespresso-modelling\models\feature_engineering_lightgbm_conference_call_webinar_tfidf_vectorizer_regression.joblib
LightGBM,feature_engineering,corporate_action,en,5.327747821065204,0.04769922398878146,1.7417899974660296,2.3081914610935557,18,72,90,C:\Users\HP\Desktop\Upwork_project\finespresso-modelling\models\feature_engineering_lightgbm_corporate_action_regression.joblib,C:\Users\HP\Desktop\Upwork_project\finespresso-modelling\models\feature_engineering_lightgbm_corporate_action_tfidf_vectorizer_regression.joblib
LightGBM,feature_engineering,dividend_reports_and_estimates,en,1.2585515845253281,-1.6365608090332548,0.8838583877200902,1.1218518549814536,3,12,15,C:\Users\HP\Desktop\Upwork_project\finespresso-modelling\models\feature_engineering_lightgbm_dividend_reports_and_estimates_regression.joblib,C:\Users\HP\Desktop\Upwork_project\finespresso-modelling\models\feature_engineering_lightgbm_dividend_reports_and_estimates_tfidf_vectorizer_regression.joblib
LightGBM,feature_engineering,earnings_releases_and_operating_results,en,4.920927921480268,0.12345429905942928,1.5012507648217106,2.218316461075892,34,134,168,C:\Users\HP\Desktop\Upwork_project\finespresso-modelling\models\feature_engineering_lightgbm_earnings_releases_and_operating_results_regression.joblib,C:\Users\HP\Desktop\Upwork_project\finespresso-modelling\models\feature_engineering_lightgbm_earnings_releases_and_operating_results_tfidf_vectorizer_regression.joblib
LightGBM,feature_engineering,environmental_social_governance,en,4.7516625299314255,-0.08476241829872833,1.8430328485981178,2.179830848926454,5,18,23,C:\Users\HP\Desktop\Upwork_project\finespresso-modelling\models\feature_engineering_lightgbm_environmental_social_governance_regression.joblib,C:\Users\HP\Desktop\Upwork_project\finespresso-modelling\models\feature_engineering_lightgbm_environmental_social_governance_tfidf_vectorizer_regression.joblib
LightGBM,feature_engineering,exchange_announcement,en,12.76526929408724,-0.39404568371357573,2.6394453366849344,3.5728517033438765,18,70,88,C:\Users\HP\Desktop\Upwork_project\finespresso-modelling\models\feature_engineering_lightgbm_exchange_announcement_regression.joblib,C:\Users\HP\Desktop\Upwork_project\finespresso-modelling\models\feature_engineering_lightgbm_exchange_announcement_tfidf_vectorizer_regression.joblib
LightGBM,feature_engineering,financial_calendar,en,4.776071002046834,-0.0013245487238242593,1.6810891400504206,2.185422385271743,10,37,47,C:\Users\HP\Desktop\Upwork_project\finespresso-modelling\models\feature_engineering_lightgbm_financial_calendar_regression.joblib,C:\Users\HP\Desktop\Upwork_project\finespresso-modelling\models\feature_engineering_lightgbm_financial_calendar_tfidf_vectorizer_regression.joblib
LightGBM,feature_engineering,financial_results,en,6.37222475310869,0.28825251425578324,1.789690259461899,2.5243265939867388,28,109,137,C:\Users\HP\Desktop\Upwork_project\finespresso-modelling\models\feature_engineering_lightgbm_financial_results_regression.joblib,C:\Users\HP\Desktop\Upwork_project\finespresso-modelling\models\feature_engineering_lightgbm_financial_results_tfidf_vectorizer_regression.joblib
LightGBM,feature_engineering,financing_agreements,en,7.017085206183589,0.12496211582768957,1.9297039665771736,2.648978143772347,13,48,61,C:\Users\HP\Desktop\Upwork_project\finespresso-modelling\models\feature_engineering_lightgbm_financing_agreements_regression.joblib,C:\Users\HP\Desktop\Upwork_project\finespresso-modelling\models\feature_engineering_lightgbm_financing_agreements_tfidf_vectorizer_regression.joblib
LightGBM,feature_engineering,geographic_expansion,en,0.17549246733698337,-2.4980985560464855,0.3540120162524162,0.4189182107965508,5,18,23,C:\Users\HP\Desktop\Upwork_project\finespresso-modelling\models\feature_engineering_lightgbm_geographic_expansion_regression.joblib,C:\Users\HP\Desktop\Upwork_project\finespresso-modelling\models\feature_engineering_lightgbm_geographic_expansion_tfidf_vectorizer_regression.joblib
LightGBM,feature_engineering,government_news,en,1.0368916744533012,-0.30378127308483527,0.6755301855970276,1.0182787803216276,6,23,29,C:\Users\HP\Desktop\Upwork_project\finespresso-modelling\models\feature_engineering_lightgbm_government_news_regression.joblib,C:\Users\HP\Desktop\Upwork_project\finespresso-modelling\models\feature_engineering_lightgbm_government_news_tfidf_vectorizer_regression.joblib
LightGBM,feature_engineering,initial_public_offerings,en,0.7897884099271494,-0.46238831549650783,0.8397535336961703,0.8887004050450013,3,9,12,C:\Users\HP\Desktop\Upwork_project\finespresso-modelling\models\feature_engineering_lightgbm_initial_public_offerings_regression.joblib,C:\Users\HP\Desktop\Upwork_project\finespresso-modelling\models\feature_engineering_lightgbm_initial_public_offerings_tfidf_vectorizer_regression.joblib
LightGBM,feature_engineering,interim_information,en,3.958518062285292,-0.1580092192801945,1.4738222270659895,1.989602488510027,3,12,15,C:\Users\HP\Desktop\Upwork_project\finespresso-modelling\models\feature_engineering_lightgbm_interim_information_regression.joblib,C:\Users\HP\Desktop\Upwork_project\finespresso-modelling\models\feature_engineering_lightgbm_interim_information_tfidf_vectorizer_regression.joblib
LightGBM,feature_engineering,law_legal_issues,en,12.346472198941974,-0.6859519375249192,2.7061311880246652,3.513754715250052,2,8,10,C:\Users\HP\Desktop\Upwork_project\finespresso-modelling\models\feature_engineering_lightgbm_law_legal_issues_regression.joblib,C:\Users\HP\Desktop\Upwork_project\finespresso-modelling\models\feature_engineering_lightgbm_law_legal_issues_tfidf_vectorizer_regression.joblib
LightGBM,feature_engineering,licensing_agreements,en,18.05509952755969,-0.45752135235559455,4.190401841682014,4.249129266986318,4,13,17,C:\Users\HP\Desktop\Upwork_project\finespresso-modelling\models\feature_engineering_lightgbm_licensing_agreements_regression.joblib,C:\Users\HP\Desktop\Upwork_project\finespresso-modelling\models\feature_engineering_lightgbm_licensing_agreements_tfidf_vectorizer_regression.joblib
LightGBM,feature_engineering,major_shareholder_announcements,en,6.367123204214995,0.3499318145587381,1.8823235817336448,2.523315914469489,12,46,58,C:\Users\HP\Desktop\Upwork_project\finespresso-modelling\models\feature_engineering_lightgbm_major_shareholder_announcements_regression.joblib,C:\Users\HP\Desktop\Upwork_project\finespresso-modelling\models\feature_engineering_lightgbm_major_shareholder_announcements_tfidf_vectorizer_regression.joblib
LightGBM,feature_engineering,management_changes,en,3.518575429103027,-0.23233586826574149,1.1837921860033507,1.8757866160901744,17,64,81,C:\Users\HP\Desktop\Upwork_project\finespresso-modelling\models\feature_engineering_lightgbm_management_changes_regression.joblib,C:\Users\HP\Desktop\Upwork_project\finespresso-modelling\models\feature_engineering_lightgbm_management_changes_tfidf_vectorizer_regression.joblib
LightGBM,feature_engineering,mergers_acquisitions,en,4.608531104759032,-0.22635858744196447,1.5975868799013333,2.14674896174635,15,58,73,C:\Users\HP\Desktop\Upwork_project\finespresso-modelling\models\feature_engineering_lightgbm_mergers_acquisitions_regression.joblib,C:\Users\HP\Desktop\Upwork_project\finespresso-modelling\models\feature_engineering_lightgbm_mergers_acquisitions_tfidf_vectorizer_regression.joblib
LightGBM,feature_engineering,observation_status,en,4.470960929372039,-0.01673024050792571,1.501269383052453,2.114464690973117,5,16,21,C:\Users\HP\Desktop\Upwork_project\finespresso-modelling\models\feature_engineering_lightgbm_observation_status_regression.joblib,C:\Users\HP\Desktop\Upwork_project\finespresso-modelling\models\feature_engineering_lightgbm_observation_status_tfidf_vectorizer_regression.joblib
LightGBM,feature_engineering,partnerships,en,12.894680221621503,-0.34329666030444606,3.073923637037086,3.5909163484578004,9,33,42,C:\Users\HP\Desktop\Upwork_project\finespresso-modelling\models\feature_engineering_lightgbm_partnerships_regression.joblib,C:\Users\HP\Desktop\Upwork_project\finespresso-modelling\models\feature_engineering_lightgbm_partnerships_tfidf_vectorizer_regression.joblib
LightGBM,feature_engineering,patents,en,42.709443918159,-5.523407356982292,6.013512886226251,6.535246278309564,2,8,10,C:\Users\HP\Desktop\Upwork_project\finespresso-modelling\models\feature_engineering_lightgbm_patents_regression.joblib,C:\Users\HP\Desktop\Upwork_project\finespresso-modelling\models\feature_engineering_lightgbm_patents_tfidf_vectorizer_regression.joblib
LightGBM,feature_engineering,press_releases,en,6.344443460302765,-0.015234754592756028,1.5944958249258943,2.518817869617167,10,36,46,C:\Users\HP\Desktop\Upwork_project\finespresso-modelling\models\feature_engineering_lightgbm_press_releases_regression.joblib,C:\Users\HP\Desktop\Upwork_project\finespresso-modelling\models\feature_engineering_lightgbm_press_releases_tfidf_vectorizer_regression.joblib
LightGBM,feature_engineering,product_services_announcement,en,4.683676085935343,-0.002220285900894181,1.5164732491513475,2.164180234161504,10,39,49,C:\Users\HP\Desktop\Upwork_project\finespresso-modelling\models\feature_engineering_lightgbm_product_services_announcement_regression.joblib,C:\Users\HP\Desktop\Upwork_project\finespresso-modelling\models\feature_engineering_lightgbm_product_services_announcement_tfidf_vectorizer_regression.joblib
LightGBM,feature_engineering,prospectus_announcement,en,0.10423054145020488,-33.814276037191014,0.3181770562755309,0.3228475514080986,2,8,10,C:\Users\HP\Desktop\Upwork_project\finespresso-modelling\models\feature_engineering_lightgbm_prospectus_announcement_regression.joblib,C:\Users\HP\Desktop\Upwork_project\finespresso-modelling\models\feature_engineering_lightgbm_prospectus_announcement_tfidf_vectorizer_regression.joblib
LightGBM,feature_engineering,regulatory_filings,en,3.6194476496070176,0.034884689117309575,1.489042076965203,1.902484599045947,23,88,111,C:\Users\HP\Desktop\Upwork_project\finespresso-modelling\models\feature_engineering_lightgbm_regulatory_filings_regression.joblib,C:\Users\HP\Desktop\Upwork_project\finespresso-modelling\models\feature_engineering_lightgbm_regulatory_filings_tfidf_vectorizer_regression.joblib
LightGBM,feature_engineering,shares_issue,en,0.7870036635443144,-0.27615128213406037,0.7012714828724016,0.8871322694752538,9,36,45,C:\Users\HP\Desktop\Upwork_project\finespresso-modelling\models\feature_engineering_lightgbm_shares_issue_regression.joblib,C:\Users\HP\Desktop\Upwork_project\finespresso-modelling\models\feature_engineering_lightgbm_shares_issue_tfidf_vectorizer_regression.joblib
LightGBM,feature_engineering,trade_show,en,43.320784006116845,0.0,6.581852627195237,6.581852627195238,3,9,12,C:\Users\HP\Desktop\Upwork_project\finespresso-modelling\models\feature_engineering_lightgbm_trade_show_regression.joblib,C:\Users\HP\Desktop\Upwork_project\finespresso-modelling\models\feature_engineering_lightgbm_trade_show_tfidf_vectorizer_regression.joblib
LightGBM,feature_engineering,voting_rights,en,1.454198413381242,0.10775257647272807,0.7966746003676128,1.2059014940621153,13,50,63,C:\Users\HP\Desktop\Upwork_project\finespresso-modelling\models\feature_engineering_lightgbm_voting_rights_regression.joblib,C:\Users\HP\Desktop\Upwork_project\finespresso-modelling\models\feature_engineering_lightgbm_voting_rights_tfidf_vectorizer_regression.joblib
Random Forest,feature_engineering,all_events,en,3.2610349595461767,0.3394229154268732,1.1100596879609783,1.8058335913217964,526,2102,2628,C:\Users\HP\Desktop\Upwork_project\finespresso-modelling\models\feature_engineering_random_forest_all_events_regression.joblib,C:\Users\HP\Desktop\Upwork_project\finespresso-modelling\models\feature_engineering_random_forest_all_events_tfidf_vectorizer_regression.joblib
Random Forest,feature_engineering,annual_general_meeting,en,2.120656351020135,0.6048140927655945,0.8862451729918867,1.4562473522791843,20,78,98,C:\Users\HP\Desktop\Upwork_project\finespresso-modelling\models\feature_engineering_random_forest_annual_general_meeting_regression.joblib,C:\Users\HP\Desktop\Upwork_project\finespresso-modelling\models\feature_engineering_random_forest_annual_general_meeting_tfidf_vectorizer_regression.joblib
Random Forest,feature_engineering,annual_report,en,0.5235477411639572,-0.7106114133338257,0.555842230282913,0.7235659895019646,12,48,60,C:\Users\HP\Desktop\Upwork_project\finespresso-modelling\models\feature_engineering_random_forest_annual_report_regression.joblib,C:\Users\HP\Desktop\Upwork_project\finespresso-modelling\models\feature_engineering_random_forest_annual_report_tfidf_vectorizer_regression.joblib
Random Forest,feature_engineering,bond_fixing,en,0.9293531590796512,0.4684317465136605,0.5989011417367369,0.9640296463696805,43,169,212,C:\Users\HP\Desktop\Upwork_project\finespresso-modelling\models\feature_engineering_random_forest_bond_fixing_regression.joblib,C:\Users\HP\Desktop\Upwork_project\finespresso-modelling\models\feature_engineering_random_forest_bond_fixing_tfidf_vectorizer_regression.joblib
Random Forest,feature_engineering,business_contracts,en,5.668970371043199,-0.12837443448478947,2.115765678253047,2.3809599683831726,10,38,48,C:\Users\HP\Desktop\Upwork_project\finespresso-modelling\models\feature_engineering_random_forest_business_contracts_regression.joblib,C:\Users\HP\Desktop\Upwork_project\finespresso-modelling\models\feature_engineering_random_forest_business_contracts_tfidf_vectorizer_regression.joblib
Random Forest,feature_engineering,capital_investment,en,7.610142428234438,0.14492327137150185,1.7760018434776714,2.758648659803281,5,17,22,C:\Users\HP\Desktop\Upwork_project\finespresso-modelling\models\feature_engineering_random_forest_capital_investment_regression.joblib,C:\Users\HP\Desktop\Upwork_project\finespresso-modelling\models\feature_engineering_random_forest_capital_investment_tfidf_vectorizer_regression.joblib
Random Forest,feature_engineering,changes_in_companys_own_shares,en,3.187417561580157,0.08094391138140755,1.1179491339204708,1.7853340196109402,67,267,334,C:\Users\HP\Desktop\Upwork_project\finespresso-modelling\models\feature_engineering_random_forest_changes_in_companys_own_shares_regression.joblib,C:\Users\HP\Desktop\Upwork_project\finespresso-modelling\models\feature_engineering_random_forest_changes_in_companys_own_shares_tfidf_vectorizer_regression.joblib
Random Forest,feature_engineering,changes_in_share_capital_and_votes,en,0.0558550555504658,0.9669208452614907,0.13687985427273386,0.236336741854638,4,13,17,C:\Users\HP\Desktop\Upwork_project\finespresso-modelling\models\feature_engineering_random_forest_changes_in_share_capital_and_votes_regression.joblib,C:\Users\HP\Desktop\Upwork_project\finespresso-modelling\models\feature_engineering_random_forest_changes_in_share_capital_and_votes_tfidf_vectorizer_regression.joblib
Random Forest,feature_engineering,clinical_study,en,5.728452342181069,0.4762942632684588,1.660100750496244,2.3934185472209135,48,189,237,C:\Users\HP\Desktop\Upwork_project\finespresso-modelling\models\feature_engineering_random_forest_clinical_study_regression.joblib,C:\Users\HP\Desktop\Upwork_project\finespresso-modelling\models\feature_engineering_random_forest_clinical_study_tfidf_vectorizer_regression.joblib
Random Forest,feature_engineering,company_regulatory_filings,en,0.10222544743023564,-5.53236817346775,0.2681422667157133,0.3197271452820915,4,16,20,C:\Users\HP\Desktop\Upwork_project\finespresso-modelling\models\feature_engineering_random_forest_company_regulatory_filings_regression.joblib,C:\Users\HP\Desktop\Upwork_project\finespresso-modelling\models\feature_engineering_random_forest_company_regulatory_filings_tfidf_vectorizer_regression.joblib
Random Forest,feature_engineering,conference_call_webinar,en,3.9859923037892107,-0.03468712061050061,1.1613284813897604,1.9964950046992882,28,109,137,C:\Users\HP\Desktop\Upwork_project\finespresso-modelling\models\feature_engineering_random_forest_conference_call_webinar_regression.joblib,C:\Users\HP\Desktop\Upwork_project\finespresso-modelling\models\feature_engineering_random_forest_conference_call_webinar_tfidf_vectorizer_regression.joblib
Random Forest,feature_engineering,corporate_action,en,6.2868526543337095,-0.1237346177907448,1.5109837217385156,2.5073596978362938,18,72,90,C:\Users\HP\Desktop\Upwork_project\finespresso-modelling\models\feature_engineering_random_forest_corporate_action_regression.joblib,C:\Users\HP\Desktop\Upwork_project\finespresso-modelling\models\feature_engineering_random_forest_corporate_action_tfidf_vectorizer_regression.joblib
Random Forest,feature_engineering,dividend_reports_and_estimates,en,1.0226438609948312,-1.1423537649546072,0.7329252054451142,1.0112585529897047,3,12,15,C:\Users\HP\Desktop\Upwork_project\finespresso-modelling\models\feature_engineering_random_forest_dividend_reports_and_estimates_regression.joblib,C:\Users\HP\Desktop\Upwork_project\finespresso-modelling\models\feature_engineering_random_forest_dividend_reports_and_estimates_tfidf_vectorizer_regression.joblib
Random Forest,feature_engineering,earnings_releases_and_operating_results,en,4.297464943321476,0.23450932809474645,1.3302234358998752,2.0730327887714357,34,134,168,C:\Users\HP\Desktop\Upwork_project\finespresso-modelling\models\feature_engineering_random_forest_earnings_releases_and_operating_results_regression.joblib,C:\Users\HP\Desktop\Upwork_project\finespresso-modelling\models\feature_engineering_random_forest_earnings_releases_and_operating_results_tfidf_vectorizer_regression.joblib
Random Forest,feature_engineering,environmental_social_governance,en,1.0862591451659571,0.7520166699998498,0.8998529870940842,1.042237566568178,5,18,23,C:\Users\HP\Desktop\Upwork_project\finespresso-modelling\models\feature_engineering_random_forest_environmental_social_governance_regression.joblib,C:\Users\HP\Desktop\Upwork_project\finespresso-modelling\models\feature_engineering_random_forest_environmental_social_governance_tfidf_vectorizer_regression.joblib
Random Forest,feature_engineering,exchange_announcement,en,10.608338006986461,-0.1584955608311418,2.195223087556622,3.257044366751313,18,70,88,C:\Users\HP\Desktop\Upwork_project\finespresso-modelling\models\feature_engineering_random_forest_exchange_announcement_regression.joblib,C:\Users\HP\Desktop\Upwork_project\finespresso-modelling\models\feature_engineering_random_forest_exchange_announcement_tfidf_vectorizer_regression.joblib
Random Forest,feature_engineering,financial_calendar,en,2.7895904918614116,0.4151499340796424,1.280332007883724,1.670206721295724,10,37,47,C:\Users\HP\Desktop\Upwork_project\finespresso-modelling\models\feature_engineering_random_forest_financial_calendar_regression.joblib,C:\Users\HP\Desktop\Upwork_project\finespresso-modelling\models\feature_engineering_random_forest_financial_calendar_tfidf_vectorizer_regression.joblib
Random Forest,feature_engineering,financial_results,en,6.855696912750525,0.23425095163285026,1.8693231524738934,2.61833857870798,28,109,137,C:\Users\HP\Desktop\Upwork_project\finespresso-modelling\models\feature_engineering_random_forest_financial_results_regression.joblib,C:\Users\HP\Desktop\Upwork_project\finespresso-modelling\models\feature_engineering_random_forest_financial_results_tfidf_vectorizer_regression.joblib
Random Forest,feature_engineering,financing_agreements,en,7.619963348877855,0.049782579183037856,1.8755642423093448,2.7604281097101326,13,48,61,C:\Users\HP\Desktop\Upwork_project\finespresso-modelling\models\feature_engineering_random_forest_financing_agreements_regression.joblib,C:\Users\HP\Desktop\Upwork_project\finespresso-modelling\models\feature_engineering_random_forest_financing_agreements_tfidf_vectorizer_regression.joblib
Random Forest,feature_engineering,geographic_expansion,en,0.03419353809744295,0.3184188013317736,0.17798889508503118,0.18491494828012947,5,18,23,C:\Users\HP\Desktop\Upwork_project\finespresso-modelling\models\feature_engineering_random_forest_geographic_expansion_regression.joblib,C:\Users\HP\Desktop\Upwork_project\finespresso-modelling\models\feature_engineering_random_forest_geographic_expansion_tfidf_vectorizer_regression.joblib
Random Forest,feature_engineering,government_news,en,0.9397354679437684,-0.18161765104796368,0.7167600609362651,0.9693995398924885,6,23,29,C:\Users\HP\Desktop\Upwork_project\finespresso-modelling\models\feature_engineering_random_forest_government_news_regression.joblib,C:\Users\HP\Desktop\Upwork_project\finespresso-modelling\models\feature_engineering_random_forest_government_news_tfidf_vectorizer_regression.joblib
Random Forest,feature_engineering,initial_public_offerings,en,0.41776522040674385,0.22645740395203007,0.540240256585108,0.6463476002947206,3,9,12,C:\Users\HP\Desktop\Upwork_project\finespresso-modelling\models\feature_engineering_random_forest_initial_public_offerings_regression.joblib,C:\Users\HP\Desktop\Upwork_project\finespresso-modelling\models\feature_engineering_random_forest_initial_public_offerings_tfidf_vectorizer_regression.joblib
Random Forest,feature_engineering,interim_information,en,0.9441055561853334,0.723815094226169,0.8096226733605799,0.9716509435930855,3,12,15,C:\Users\HP\Desktop\Upwork_project\finespresso-modelling\models\feature_engineering_random_forest_interim_information_regression.joblib,C:\Users\HP\Desktop\Upwork_project\finespresso-modelling\models\feature_engineering_random_forest_interim_information_tfidf_vectorizer_regression.joblib
Random Forest,feature_engineering,law_legal_issues,en,4.749981191598434,0.35137423353461505,2.0682237160116284,2.1794451568228173,2,8,10,C:\Users\HP\Desktop\Upwork_project\finespresso-modelling\models\feature_engineering_random_forest_law_legal_issues_regression.joblib,C:\Users\HP\Desktop\Upwork_project\finespresso-modelling\models\feature_engineering_random_forest_law_legal_issues_tfidf_vectorizer_regression.joblib
Random Forest,feature_engineering,licensing_agreements,en,11.607254574927456,0.06298930341756337,2.96832458399639,3.406942114995125,4,13,17,C:\Users\HP\Desktop\Upwork_project\finespresso-modelling\models\feature_engineering_random_forest_licensing_agreements_regression.joblib,C:\Users\HP\Desktop\Upwork_project\finespresso-modelling\models\feature_engineering_random_forest_licensing_agreements_tfidf_vectorizer_regression.joblib
Random Forest,feature_engineering,major_shareholder_announcements,en,2.2923565431152233,0.7659558311388066,1.221951988397806,1.514053018594535,12,46,58,C:\Users\HP\Desktop\Upwork_project\finespresso-modelling\models\feature_engineering_random_forest_major_shareholder_announcements_regression.joblib,C:\Users\HP\Desktop\Upwork_project\finespresso-modelling\models\feature_engineering_random_forest_major_shareholder_announcements_tfidf_vectorizer_regression.joblib
Random Forest,feature_engineering,management_changes,en,2.187660571206383,0.2337999727987624,0.7181302077071036,1.4790742277540985,17,64,81,C:\Users\HP\Desktop\Upwork_project\finespresso-modelling\models\feature_engineering_random_forest_management_changes_regression.joblib,C:\Users\HP\Desktop\Upwork_project\finespresso-modelling\models\feature_engineering_random_forest_management_changes_tfidf_vectorizer_regression.joblib
Random Forest,feature_engineering,mergers_acquisitions,en,2.7550750139764024,0.2668575245271312,1.0163217528971036,1.659841864147426,15,58,73,C:\Users\HP\Desktop\Upwork_project\finespresso-modelling\models\feature_engineering_random_forest_mergers_acquisitions_regression.joblib,C:\Users\HP\Desktop\Upwork_project\finespresso-modelling\models\feature_engineering_random_forest_mergers_acquisitions_tfidf_vectorizer_regression.joblib
Random Forest,feature_engineering,observation_status,en,2.1616131037473636,0.5084328748167285,1.119217444962525,1.4702425322875692,5,16,21,C:\Users\HP\Desktop\Upwork_project\finespresso-modelling\models\feature_engineering_random_forest_observation_status_regression.joblib,C:\Users\HP\Desktop\Upwork_project\finespresso-modelling\models\feature_engineering_random_forest_observation_status_tfidf_vectorizer_regression.joblib
Random Forest,feature_engineering,partnerships,en,11.200575009281478,-0.16681412372126725,2.71710192875276,3.346726013476675,9,33,42,C:\Users\HP\Desktop\Upwork_project\finespresso-modelling\models\feature_engineering_random_forest_partnerships_regression.joblib,C:\Users\HP\Desktop\Upwork_project\finespresso-modelling\models\feature_engineering_random_forest_partnerships_tfidf_vectorizer_regression.joblib
Random Forest,feature_engineering,patents,en,41.27736571581358,-5.304672842460034,5.859005507548715,6.424746354200575,2,8,10,C:\Users\HP\Desktop\Upwork_project\finespresso-modelling\models\feature_engineering_random_forest_patents_regression.joblib,C:\Users\HP\Desktop\Upwork_project\finespresso-modelling\models\feature_engineering_random_forest_patents_tfidf_vectorizer_regression.joblib
Random Forest,feature_engineering,press_releases,en,5.542801593746585,0.11304358672382075,1.2312404969440098,2.3543155255289347,10,36,46,C:\Users\HP\Desktop\Upwork_project\finespresso-modelling\models\feature_engineering_random_forest_press_releases_regression.joblib,C:\Users\HP\Desktop\Upwork_project\finespresso-modelling\models\feature_engineering_random_forest_press_releases_tfidf_vectorizer_regression.joblib
Random Forest,feature_engineering,product_services_announcement,en,5.149316478310313,-0.10185874052725663,1.10424891848346,2.2692105407630896,10,39,49,C:\Users\HP\Desktop\Upwork_project\finespresso-modelling\models\feature_engineering_random_forest_product_services_announcement_regression.joblib,C:\Users\HP\Desktop\Upwork_project\finespresso-modelling\models\feature_engineering_random_forest_product_services_announcement_tfidf_vectorizer_regression.joblib
Random Forest,feature_engineering,prospectus_announcement,en,0.011951290528287107,-2.991877252707449,0.10726340641008603,0.10932195812501305,2,8,10,C:\Users\HP\Desktop\Upwork_project\finespresso-modelling\models\feature_engineering_random_forest_prospectus_announcement_regression.joblib,C:\Users\HP\Desktop\Upwork_project\finespresso-modelling\models\feature_engineering_random_forest_prospectus_announcement_tfidf_vectorizer_regression.joblib
Random Forest,feature_engineering,regulatory_filings,en,2.3405206133109466,0.3759069067933066,0.8463584256173895,1.5298760123980462,23,88,111,C:\Users\HP\Desktop\Upwork_project\finespresso-modelling\models\feature_engineering_random_forest_regulatory_filings_regression.joblib,C:\Users\HP\Desktop\Upwork_project\finespresso-modelling\models\feature_engineering_random_forest_regulatory_filings_tfidf_vectorizer_regression.joblib
Random Forest,feature_engineering,shares_issue,en,0.5522367952746958,0.10453060515934254,0.6489102881456446,0.7431263656167071,9,36,45,C:\Users\HP\Desktop\Upwork_project\finespresso-modelling\models\feature_engineering_random_forest_shares_issue_regression.joblib,C:\Users\HP\Desktop\Upwork_project\finespresso-modelling\models\feature_engineering_random_forest_shares_issue_tfidf_vectorizer_regression.joblib
Random Forest,feature_engineering,trade_show,en,33.28354895763311,0.0,5.499984863747133,5.769189627463558,3,9,12,C:\Users\HP\Desktop\Upwork_project\finespresso-modelling\models\feature_engineering_random_forest_trade_show_regression.joblib,C:\Users\HP\Desktop\Upwork_project\finespresso-modelling\models\feature_engineering_random_forest_trade_show_tfidf_vectorizer_regression.joblib
Random Forest,feature_engineering,voting_rights,en,1.4012780848985702,0.14022271693388522,0.7084775137845806,1.1837559228568066,13,50,63,C:\Users\HP\Desktop\Upwork_project\finespresso-modelling\models\feature_engineering_random_forest_voting_rights_regression.joblib,C:\Users\HP\Desktop\Upwork_project\finespresso-modelling\models\feature_engineering_random_forest_voting_rights_tfidf_vectorizer_regression.joblib
XGBoost,feature_engineering,all_events,en,3.80246785467274,0.22974664154710267,1.2600202770521673,1.949991757590975,526,2102,2628,C:\Users\HP\Desktop\Upwork_project\finespresso-modelling\models\feature_engineering_xgboost_all_events_regression.joblib,C:\Users\HP\Desktop\Upwork_project\finespresso-modelling\models\feature_engineering_xgboost_all_events_tfidf_vectorizer_regression.joblib
XGBoost,feature_engineering,annual_general_meeting,en,1.767078003308972,0.6707036840006202,0.6826502346993165,1.32931486236669,20,78,98,C:\Users\HP\Desktop\Upwork_project\finespresso-modelling\models\feature_engineering_xgboost_annual_general_meeting_regression.joblib,C:\Users\HP\Desktop\Upwork_project\finespresso-modelling\models\feature_engineering_xgboost_annual_general_meeting_tfidf_vectorizer_regression.joblib
XGBoost,feature_engineering,annual_report,en,0.9773486683889733,-2.193335880383875,0.6524433093090743,0.9886094620167123,12,48,60,C:\Users\HP\Desktop\Upwork_project\finespresso-modelling\models\feature_engineering_xgboost_annual_report_regression.joblib,C:\Users\HP\Desktop\Upwork_project\finespresso-modelling\models\feature_engineering_xgboost_annual_report_tfidf_vectorizer_regression.joblib
XGBoost,feature_engineering,bond_fixing,en,0.9349774290265433,0.46521479575215896,0.49143269943416473,0.9669423090477236,43,169,212,C:\Users\HP\Desktop\Upwork_project\finespresso-modelling\models\feature_engineering_xgboost_bond_fixing_regression.joblib,C:\Users\HP\Desktop\Upwork_project\finespresso-modelling\models\feature_engineering_xgboost_bond_fixing_tfidf_vectorizer_regression.joblib
XGBoost,feature_engineering,business_contracts,en,6.585704937346233,-0.31084493267412694,2.1873355680645146,2.566262834813736,10,38,48,C:\Users\HP\Desktop\Upwork_project\finespresso-modelling\models\feature_engineering_xgboost_business_contracts_regression.joblib,C:\Users\HP\Desktop\Upwork_project\finespresso-modelling\models\feature_engineering_xgboost_business_contracts_tfidf_vectorizer_regression.joblib
XGBoost,feature_engineering,capital_investment,en,4.326059910230185,0.5139232687464012,1.29687890306338,2.079918246044826,5,17,22,C:\Users\HP\Desktop\Upwork_project\finespresso-modelling\models\feature_engineering_xgboost_capital_investment_regression.joblib,C:\Users\HP\Desktop\Upwork_project\finespresso-modelling\models\feature_engineering_xgboost_capital_investment_tfidf_vectorizer_regression.joblib
XGBoost,feature_engineering,changes_in_companys_own_shares,en,3.2173004976995476,0.07232750206078131,1.0429266396625487,1.7936834998682314,67,267,334,C:\Users\HP\Desktop\Upwork_project\finespresso-modelling\models\feature_engineering_xgboost_changes_in_companys_own_shares_regression.joblib,C:\Users\HP\Desktop\Upwork_project\finespresso-modelling\models\feature_engineering_xgboost_changes_in_companys_own_shares_tfidf_vectorizer_regression.joblib
XGBoost,feature_engineering,changes_in_share_capital_and_votes,en,0.0003536977971926767,0.9997905288241378,0.0095251194765405,0.018806855058533224,4,13,17,C:\Users\HP\Desktop\Upwork_project\finespresso-modelling\models\feature_engineering_xgboost_changes_in_share_capital_and_votes_regression.joblib,C:\Users\HP\Desktop\Upwork_project\finespresso-modelling\models\feature_engineering_xgboost_changes_in_share_capital_and_votes_tfidf_vectorizer_regression.joblib
XGBoost,feature_engineering,clinical_study,en,7.1236409073854725,0.34874353721291185,1.7321627499753538,2.6690149694944525,48,189,237,C:\Users\HP\Desktop\Upwork_project\finespresso-modelling\models\feature_engineering_xgboost_clinical_study_regression.joblib,C:\Users\HP\Desktop\Upwork_project\finespresso-modelling\models\feature_engineering_xgboost_clinical_study_tfidf_vectorizer_regression.joblib
XGBoost,feature_engineering,company_regulatory_filings,en,0.09224934305512873,-4.894879286372247,0.21506145432035778,0.3037257694946689,4,16,20,C:\Users\HP\Desktop\Upwork_project\finespresso-modelling\models\feature_engineering_xgboost_company_regulatory_filings_regression.joblib,C:\Users\HP\Desktop\Upwork_project\finespresso-modelling\models\feature_engineering_xgboost_company_regulatory_filings_tfidf_vectorizer_regression.joblib
XGBoost,feature_engineering,conference_call_webinar,en,5.194075416292847,-0.34828231645327246,1.1690792842964233,2.279051429058337,28,109,137,C:\Users\HP\Desktop\Upwork_project\finespresso-modelling\models\feature_engineering_xgboost_conference_call_webinar_regression.joblib,C:\Users\HP\Desktop\Upwork_project\finespresso-modelling\models\feature_engineering_xgboost_conference_call_webinar_tfidf_vectorizer_regression.joblib
XGBoost,feature_engineering,corporate_action,en,4.6131930905459875,0.17542130229088215,1.2506047693598374,2.1478345119086777,18,72,90,C:\Users\HP\Desktop\Upwork_project\finespresso-modelling\models\feature_engineering_xgboost_corporate_action_regression.joblib,C:\Users\HP\Desktop\Upwork_project\finespresso-modelling\models\feature_engineering_xgboost_corporate_action_tfidf_vectorizer_regression.joblib
XGBoost,feature_engineering,dividend_reports_and_estimates,en,0.9826836546828416,-1.0586404589777119,0.5723730538950328,0.9913040172837199,3,12,15,C:\Users\HP\Desktop\Upwork_project\finespresso-modelling\models\feature_engineering_xgboost_dividend_reports_and_estimates_regression.joblib,C:\Users\HP\Desktop\Upwork_project\finespresso-modelling\models\feature_engineering_xgboost_dividend_reports_and_estimates_tfidf_vectorizer_regression.joblib
XGBoost,feature_engineering,earnings_releases_and_operating_results,en,3.6378192888359866,0.35200943616571634,1.2050454998196949,1.907306815600465,34,134,168,C:\Users\HP\Desktop\Upwork_project\finespresso-modelling\models\feature_engineering_xgboost_earnings_releases_and_operating_results_regression.joblib,C:\Users\HP\Desktop\Upwork_project\finespresso-modelling\models\feature_engineering_xgboost_earnings_releases_and_operating_results_tfidf_vectorizer_regression.joblib
XGBoost,feature_engineering,environmental_social_governance,en,1.0650436588496004,0.7568599773889895,0.5225844422959434,1.0320095245924819,5,18,23,C:\Users\HP\Desktop\Upwork_project\finespresso-modelling\models\feature_engineering_xgboost_environmental_social_governance_regression.joblib,C:\Users\HP\Desktop\Upwork_project\finespresso-modelling\models\feature_engineering_xgboost_environmental_social_governance_tfidf_vectorizer_regression.joblib
XGBoost,feature_engineering,exchange_announcement,en,10.367595676729373,-0.13220502213193153,2.2309836763618254,3.219875102659942,18,70,88,C:\Users\HP\Desktop\Upwork_project\finespresso-modelling\models\feature_engineering_xgboost_exchange_announcement_regression.joblib,C:\Users\HP\Desktop\Upwork_project\finespresso-modelling\models\feature_engineering_xgboost_exchange_announcement_tfidf_vectorizer_regression.joblib
XGBoost,feature_engineering,financial_calendar,en,4.242969255096845,0.11044260590176869,1.2760429569064398,2.0598469008877447,10,37,47,C:\Users\HP\Desktop\Upwork_project\finespresso-modelling\models\feature_engineering_xgboost_financial_calendar_regression.joblib,C:\Users\HP\Desktop\Upwork_project\finespresso-modelling\models\feature_engineering_xgboost_financial_calendar_tfidf_vectorizer_regression.joblib
XGBoost,feature_engineering,financial_results,en,6.2933224866306805,0.2970655257174154,1.60153587643244,2.508649534436941,28,109,137,C:\Users\HP\Desktop\Upwork_project\finespresso-modelling\models\feature_engineering_xgboost_financial_results_regression.joblib,C:\Users\HP\Desktop\Upwork_project\finespresso-modelling\models\feature_engineering_xgboost_financial_results_tfidf_vectorizer_regression.joblib
XGBoost,feature_engineering,financing_agreements,en,8.109803062281616,-0.011300946783368016,1.9205875893077777,2.84777159587661,13,48,61,C:\Users\HP\Desktop\Upwork_project\finespresso-modelling\models\feature_engineering_xgboost_financing_agreements_regression.joblib,C:\Users\HP\Desktop\Upwork_project\finespresso-modelling\models\feature_engineering_xgboost_financing_agreements_tfidf_vectorizer_regression.joblib
XGBoost,feature_engineering,geographic_expansion,en,0.1244801781996143,-1.4812685024271368,0.24468641513774073,0.35281748567724686,5,18,23,C:\Users\HP\Desktop\Upwork_project\finespresso-modelling\models\feature_engineering_xgboost_geographic_expansion_regression.joblib,C:\Users\HP\Desktop\Upwork_project\finespresso-modelling\models\feature_engineering_xgboost_geographic_expansion_tfidf_vectorizer_regression.joblib
XGBoost,feature_engineering,government_news,en,4.913264334329905,-5.177908634662742,1.624621393852135,2.2165884449599353,6,23,29,C:\Users\HP\Desktop\Upwork_project\finespresso-modelling\models\feature_engineering_xgboost_government_news_regression.joblib,C:\Users\HP\Desktop\Upwork_project\finespresso-modelling\models\feature_engineering_xgboost_government_news_tfidf_vectorizer_regression.joblib
XGBoost,feature_engineering,initial_public_offerings,en,0.6085203669553052,-0.1267487129358733,0.621091117754614,0.7800771544887757,3,9,12,C:\Users\HP\Desktop\Upwork_project\finespresso-modelling\models\feature_engineering_xgboost_initial_public_offerings_regression.joblib,C:\Users\HP\Desktop\Upwork_project\finespresso-modelling\models\feature_engineering_xgboost_initial_public_offerings_tfidf_vectorizer_regression.joblib
XGBoost,feature_engineering,interim_information,en,0.10995232544146742,0.967834981541297,0.2638018404555602,0.331590599145192,3,12,15,C:\Users\HP\Desktop\Upwork_project\finespresso-modelling\models\feature_engineering_xgboost_interim_information_regression.joblib,C:\Users\HP\Desktop\Upwork_project\finespresso-modelling\models\feature_engineering_xgboost_interim_information_tfidf_vectorizer_regression.joblib
XGBoost,feature_engineering,law_legal_issues,en,13.23919719225707,-0.8078565113906007,2.5731872066336203,3.6385707622989925,2,8,10,C:\Users\HP\Desktop\Upwork_project\finespresso-modelling\models\feature_engineering_xgboost_law_legal_issues_regression.joblib,C:\Users\HP\Desktop\Upwork_project\finespresso-modelling\models\feature_engineering_xgboost_law_legal_issues_tfidf_vectorizer_regression.joblib
XGBoost,feature_engineering,licensing_agreements,en,13.549159605737437,-0.09377350159118003,2.555593853826983,3.6809183101146696,4,13,17,C:\Users\HP\Desktop\Upwork_project\finespresso-modelling\models\feature_engineering_xgboost_licensing_agreements_regression.joblib,C:\Users\HP\Desktop\Upwork_project\finespresso-modelling\models\feature_engineering_xgboost_licensing_agreements_tfidf_vectorizer_regression.joblib
XGBoost,feature_engineering,major_shareholder_announcements,en,3.366692647399662,0.6562686616799388,1.002801404659045,1.8348549390618492,12,46,58,C:\Users\HP\Desktop\Upwork_project\finespresso-modelling\models\feature_engineering_xgboost_major_shareholder_announcements_regression.joblib,C:\Users\HP\Desktop\Upwork_project\finespresso-modelling\models\feature_engineering_xgboost_major_shareholder_announcements_tfidf_vectorizer_regression.joblib
XGBoost,feature_engineering,management_changes,en,0.24193919703177363,0.9152639025511319,0.2931185795626031,0.491873151363005,17,64,81,C:\Users\HP\Desktop\Upwork_project\finespresso-modelling\models\feature_engineering_xgboost_management_changes_regression.joblib,C:\Users\HP\Desktop\Upwork_project\finespresso-modelling\models\feature_engineering_xgboost_management_changes_tfidf_vectorizer_regression.joblib
XGBoost,feature_engineering,mergers_acquisitions,en,4.480556520744397,-0.19230376031524887,1.0768879822136157,2.1167325104378203,15,58,73,C:\Users\HP\Desktop\Upwork_project\finespresso-modelling\models\feature_engineering_xgboost_mergers_acquisitions_regression.joblib,C:\Users\HP\Desktop\Upwork_project\finespresso-modelling\models\feature_engineering_xgboost_mergers_acquisitions_tfidf_vectorizer_regression.joblib
XGBoost,feature_engineering,observation_status,en,5.7642630188571715,-0.310836891240011,1.51376350528942,2.4008879646616523,5,16,21,C:\Users\HP\Desktop\Upwork_project\finespresso-modelling\models\feature_engineering_xgboost_observation_status_regression.joblib,C:\Users\HP\Desktop\Upwork_project\finespresso-modelling\models\feature_engineering_xgboost_observation_status_tfidf_vectorizer_regression.joblib
XGBoost,feature_engineering,partnerships,en,14.451297780429229,-0.505456491504567,3.0444050102960953,3.8014862594029233,9,33,42,C:\Users\HP\Desktop\Upwork_project\finespresso-modelling\models\feature_engineering_xgboost_partnerships_regression.joblib,C:\Users\HP\Desktop\Upwork_project\finespresso-modelling\models\feature_engineering_xgboost_partnerships_tfidf_vectorizer_regression.joblib
XGBoost,feature_engineering,patents,en,21.32934113874992,-2.2578270316684548,3.8508480853439115,4.61836996555602,2,8,10,C:\Users\HP\Desktop\Upwork_project\finespresso-modelling\models\feature_engineering_xgboost_patents_regression.joblib,C:\Users\HP\Desktop\Upwork_project\finespresso-modelling\models\feature_engineering_xgboost_patents_tfidf_vectorizer_regression.joblib
XGBoost,feature_engineering,press_releases,en,3.947843869457036,0.3682679454775275,1.0178029947962641,1.9869181838860492,10,36,46,C:\Users\HP\Desktop\Upwork_project\finespresso-modelling\models\feature_engineering_xgboost_press_releases_regression.joblib,C:\Users\HP\Desktop\Upwork_project\finespresso-modelling\models\feature_engineering_xgboost_press_releases_tfidf_vectorizer_regression.joblib
XGBoost,feature_engineering,product_services_announcement,en,4.593785600345543,0.017014619868552905,0.9176109913449249,2.143311829936452,10,39,49,C:\Users\HP\Desktop\Upwork_project\finespresso-modelling\models\feature_engineering_xgboost_product_services_announcement_regression.joblib,C:\Users\HP\Desktop\Upwork_project\finespresso-modelling\models\feature_engineering_xgboost_product_services_announcement_tfidf_vectorizer_regression.joblib
XGBoost,feature_engineering,prospectus_announcement,en,0.07761048601013337,-24.92285184115796,0.21085099944822566,0.2785865861992163,2,8,10,C:\Users\HP\Desktop\Upwork_project\finespresso-modelling\models\feature_engineering_xgboost_prospectus_announcement_regression.joblib,C:\Users\HP\Desktop\Upwork_project\finespresso-modelling\models\feature_engineering_xgboost_prospectus_announcement_tfidf_vectorizer_regression.joblib
XGBoost,feature_engineering,regulatory_filings,en,1.5033046644998145,0.5991481327854915,0.7292692424519486,1.2260932527747694,23,88,111,C:\Users\HP\Desktop\Upwork_project\finespresso-modelling\models\feature_engineering_xgboost_regulatory_filings_regression.joblib,C:\Users\HP\Desktop\Upwork_project\finespresso-modelling\models\feature_engineering_xgboost_regulatory_filings_tfidf_vectorizer_regression.joblib
XGBoost,feature_engineering,shares_issue,en,6.360121344342983,-9.313137516486899,1.6036785951877484,2.5219281005498515,9,36,45,C:\Users\HP\Desktop\Upwork_project\finespresso-modelling\models\feature_engineering_xgboost_shares_issue_regression.joblib,C:\Users\HP\Desktop\Upwork_project\finespresso-modelling\models\feature_engineering_xgboost_shares_issue_tfidf_vectorizer_regression.joblib
XGBoost,feature_engineering,trade_show,en,27.369067822213214,0.0,4.271953724222698,5.2315454525611464,3,9,12,C:\Users\HP\Desktop\Upwork_project\finespresso-modelling\models\feature_engineering_xgboost_trade_show_regression.joblib,C:\Users\HP\Desktop\Upwork_project\finespresso-modelling\models\feature_engineering_xgboost_trade_show_tfidf_vectorizer_regression.joblib
XGBoost,feature_engineering,voting_rights,en,1.472959108521324,0.0962416425119369,0.7245213843551982,1.2136552675786167,13,50,63,C:\Users\HP\Desktop\Upwork_project\finespresso-modelling\models\feature_engineering_xgboost_voting_rights_regression.joblib,C:\Users\HP\Desktop\Upwork_project\finespresso-modelling\models\feature_engineering_xgboost_voting_rights_tfidf_vectorizer_regression.joblib
